"","game","subject","first_level_losses","total_losses","first_level_steps","total_steps"
"1","closing_gates_1","r1OKn1upX",0,0,109,275
"2","closing_gates_1","HJj_SkOaX",0,0,276,276
"3","closing_gates_1","H1WZF6DaX",0,0,86,526
"4","closing_gates_1","rkwcKTD6X",0,0,283,497
"5","closing_gates_1","Sy4k9pvpm",0,0,89,466
"6","closing_gates_1","rJFl70Pam",0,0,159,258
"7","closing_gates_1","rylhyCva7",0,0,130,130
"8","closing_gates_1","SkrzcpvTX",0,0,165,165
"9","closing_gates_1","HylsHAPTX",0,0,296,433
"10","closing_gates_1","SJY_Faw6X",0,0,102,224
"11","closing_gates_1","HylaYAwTQ",0,0,83,762
"12","closing_gates_1","HkiJ5TD6Q",0,0,46,46
"13","closing_gates_1","r1rlt0PT7",0,1,87,99
"14","closing_gates_1","rya1tavpm",0,0,191,191
"15","closing_gates_1","H1K8k1d6m",0,0,124,347
"16","closing_gates_1","SyIbokd6Q",0,0,40,625
"17","closing_gates_1","HJhntaP6Q",0,0,135,135
"18","closing_gates_1","SJ5Gt6vaQ",0,0,184,689
"19","closing_gates_1","HJrCn1_Tm",0,0,263,487
"20","closing_gates_1","rkBK8k_T7",0,0,153,532
"21","closing_gates_1","BJCROav6m",0,0,28,245
"22","closing_gates_1","H1rPK6vam",0,0,40,40
"23","closing_gates_1","Hy-EI-O67",0,0,148,276
"24","aliens_2","r1OKn1upX",2,5,240,833
"25","aliens_2","HJj_SkOaX",3,4,166,191
"26","aliens_2","H1WZF6DaX",0,0,298,1014
"27","aliens_2","rkwcKTD6X",2,2,383,957
"28","aliens_2","Sy4k9pvpm",1,3,287,1213
"29","aliens_2","rJFl70Pam",0,1,183,667
"30","aliens_2","rylhyCva7",5,5,414,414
"31","aliens_2","B1c1RTP67",1,1,272,605
"32","aliens_2","SkrzcpvTX",9,9,259,259
"33","aliens_2","HylsHAPTX",1,1,285,860
"34","aliens_2","SJY_Faw6X",0,0,262,822
"35","aliens_2","HylaYAwTQ",1,2,281,779
"36","aliens_2","r1rlt0PT7",1,2,320,1023
"37","aliens_2","H1K8k1d6m",0,0,278,801
"38","aliens_2","SyIbokd6Q",0,0,291,807
"39","aliens_2","HJhntaP6Q",2,2,329,329
"40","aliens_2","SJ5Gt6vaQ",2,2,497,497
"41","aliens_2","HJrCn1_Tm",4,4,258,258
"42","aliens_2","rkBK8k_T7",0,3,195,775
"43","aliens_2","BJCROav6m",0,0,210,807
"44","aliens_2","Hy-EI-O67",8,9,414,759
"45","ee_3","r1OKn1upX",0,1,32,173
"46","ee_3","HJj_SkOaX",0,1,40,302
"47","ee_3","H1WZF6DaX",0,2,38,306
"48","ee_3","rkwcKTD6X",0,1,39,264
"49","ee_3","Sy4k9pvpm",0,2,35,323
"50","ee_3","rJFl70Pam",0,1,30,235
"51","ee_3","rylhyCva7",0,0,133,301
"52","ee_3","B1c1RTP67",0,1,34,81
"53","ee_3","SkrzcpvTX",0,1,36,317
"54","ee_3","HylsHAPTX",0,0,33,283
"55","ee_3","SJY_Faw6X",0,2,56,342
"56","ee_3","HylaYAwTQ",0,2,33,194
"57","ee_3","r1rlt0PT7",0,1,33,181
"58","ee_3","H1K8k1d6m",0,1,32,174
"59","ee_3","SyIbokd6Q",0,0,33,188
"60","ee_3","HJhntaP6Q",0,1,32,239
"61","ee_3","SJ5Gt6vaQ",0,3,58,258
"62","ee_3","HJrCn1_Tm",0,1,30,222
"63","ee_3","rkBK8k_T7",0,1,43,265
"64","ee_3","BJCROav6m",0,1,30,166
"65","ee_3","Hy-EI-O67",0,1,32,235
"66","missilecommand","r1OKn1upX",0,1,23,209
"67","missilecommand","HJj_SkOaX",5,5,43,43
"68","missilecommand","H1WZF6DaX",0,17,48,442
"69","missilecommand","rkwcKTD6X",0,0,37,278
"70","missilecommand","Sy4k9pvpm",0,1,41,229
"71","missilecommand","rJFl70Pam",0,0,32,166
"72","missilecommand","rylhyCva7",5,11,65,125
"73","missilecommand","SkrzcpvTX",14,14,144,144
"74","missilecommand","HylsHAPTX",9,9,132,132
"75","missilecommand","SJY_Faw6X",0,2,28,228
"76","missilecommand","HylaYAwTQ",0,1,24,288
"77","missilecommand","r1rlt0PT7",2,3,60,185
"78","missilecommand","H1K8k1d6m",0,0,27,147
"79","missilecommand","SyIbokd6Q",2,3,89,247
"80","missilecommand","HJhntaP6Q",6,6,79,79
"81","missilecommand","SJ5Gt6vaQ",0,18,25,424
"82","missilecommand","HJrCn1_Tm",7,10,203,493
"83","missilecommand","rkBK8k_T7",0,1,19,165
"84","missilecommand","BJCROav6m",0,0,38,194
"85","missilecommand","Hy-EI-O67",11,27,217,521
"86","push_boulders_2","r1OKn1upX",2,2,71,457
"87","push_boulders_2","HJj_SkOaX",4,4,275,275
"88","push_boulders_2","H1WZF6DaX",11,11,504,504
"89","push_boulders_2","rkwcKTD6X",6,6,533,555
"90","push_boulders_2","Sy4k9pvpm",2,7,69,543
"91","push_boulders_2","rJFl70Pam",3,7,182,461
"92","push_boulders_2","rylhyCva7",8,8,199,199
"93","push_boulders_2","SkrzcpvTX",0,4,52,110
"94","push_boulders_2","B1KEYpvTQ",1,1,22,22
"95","push_boulders_2","HylsHAPTX",0,6,25,283
"96","push_boulders_2","SJY_Faw6X",7,7,677,677
"97","push_boulders_2","HylaYAwTQ",3,4,158,501
"98","push_boulders_2","r1rlt0PT7",3,8,136,713
"99","push_boulders_2","H1K8k1d6m",0,4,31,207
"100","push_boulders_2","SyIbokd6Q",1,4,70,298
"101","push_boulders_2","HJhntaP6Q",5,6,149,156
"102","push_boulders_2","SJ5Gt6vaQ",7,7,428,428
"103","push_boulders_2","HJrCn1_Tm",9,22,424,1660
"104","push_boulders_2","rkBK8k_T7",2,2,121,313
"105","push_boulders_2","BJCROav6m",2,5,89,275
"106","push_boulders_2","Hy-EI-O67",2,9,76,365
"107","push_boulders_2","rJ4HCpvaQ",2,2,96,96
"108","plaqueattack_1","r1OKn1upX",4,9,299,1191
"109","plaqueattack_1","HJj_SkOaX",8,8,157,157
"110","plaqueattack_1","H1WZF6DaX",6,11,401,901
"111","plaqueattack_1","rkwcKTD6X",10,10,378,378
"112","plaqueattack_1","Sy4k9pvpm",4,9,307,1386
"113","plaqueattack_1","rJFl70Pam",1,5,156,867
"114","plaqueattack_1","r1U7FpPaX",2,2,0,0
"115","plaqueattack_1","rylhyCva7",8,8,86,86
"116","plaqueattack_1","SkrzcpvTX",11,11,180,180
"117","plaqueattack_1","HylsHAPTX",16,16,513,513
"118","plaqueattack_1","SJY_Faw6X",10,11,620,705
"119","plaqueattack_1","HylaYAwTQ",0,6,118,1382
"120","plaqueattack_1","r1rlt0PT7",8,19,460,1617
"121","plaqueattack_1","H1K8k1d6m",6,6,573,574
"122","plaqueattack_1","SyIbokd6Q",3,7,262,1295
"123","plaqueattack_1","HJhntaP6Q",4,4,77,77
"124","plaqueattack_1","SJ5Gt6vaQ",15,15,418,418
"125","plaqueattack_1","HJrCn1_Tm",14,14,377,377
"126","plaqueattack_1","rkBK8k_T7",10,24,387,2106
"127","plaqueattack_1","BJCROav6m",9,11,390,706
"128","plaqueattack_1","Hy-EI-O67",14,14,292,292
"129","jaws_2","B1uhMha6Q",2,2,193,390
"130","jaws_2","B17rMA66X",12,12,359,359
"131","jaws_2","HyC_Ohp67",10,10,358,358
"132","jaws_2","B1WX6iaT7",4,6,266,854
"133","jaws_2","H1M0asTaQ",13,13,664,664
"134","jaws_2","B1rlEhp6Q",5,5,96,96
"135","jaws_2","S1pRH3aam",10,10,732,732
"136","jaws_2","r1dtn36TX",5,8,234,568
"137","jaws_2","BJ6WAj66X",13,13,312,312
"138","jaws_2","S1w_82p67",13,13,784,915
"139","jaws_2","BJDvfA6Tm",11,11,418,418
"140","jaws_2","HkXTfAaTQ",9,9,841,841
"141","jaws_2","SJ0jVapa7",0,2,114,425
"142","jaws_2","Hkq-6jTpm",2,2,0,0
"143","jaws_2","BJKMAsppQ",2,8,243,1044
"144","jaws_2","SJQGvn6T7",3,4,187,471
"145","jaws_2","HyO3hRap7",12,12,280,280
"146","jaws_2","rJK-poaTm",1,1,0,0
"147","jaws_2","B1q60jpa7",8,8,211,211
"148","jaws_2","SJDEpiTaQ",12,12,367,367
"149","lemmings_3","B1uhMha6Q",6,6,501,879
"150","lemmings_3","B17rMA66X",6,6,350,350
"151","lemmings_3","HyC_Ohp67",4,4,253,253
"152","lemmings_3","B1WX6iaT7",5,5,380,814
"153","lemmings_3","H1M0asTaQ",2,2,235,435
"154","lemmings_3","S1Vitp66Q",2,2,115,115
"155","lemmings_3","B1rlEhp6Q",2,2,421,421
"156","lemmings_3","S1pRH3aam",5,5,583,583
"157","lemmings_3","BJ742aaaQ",1,1,15,15
"158","lemmings_3","r1dtn36TX",6,6,480,480
"159","lemmings_3","BJ6WAj66X",8,8,352,352
"160","lemmings_3","HyGflTapQ",3,5,373,654
"161","lemmings_3","S1w_82p67",18,18,414,414
"162","lemmings_3","BJDvfA6Tm",6,6,816,816
"163","lemmings_3","HkXTfAaTQ",7,7,564,564
"164","lemmings_3","SJ0jVapa7",5,5,351,351
"165","lemmings_3","Hysj9h6a7",0,0,68,68
"166","lemmings_3","BJKMAsppQ",5,5,473,473
"167","lemmings_3","SJQGvn6T7",5,6,444,952
"168","lemmings_3","HyO3hRap7",4,4,292,292
"169","lemmings_3","B1q60jpa7",7,7,321,321
"170","lemmings_3","HyZFLTTpm",9,9,752,752
"171","lemmings_3","SJDEpiTaQ",3,3,283,283
"172","butterflies_1","B1uhMha6Q",0,0,86,408
"173","butterflies_1","B17rMA66X",0,1,116,490
"174","butterflies_1","HyC_Ohp67",7,7,788,788
"175","butterflies_1","B1WX6iaT7",2,2,184,447
"176","butterflies_1","H1M0asTaQ",1,1,111,387
"177","butterflies_1","B1rlEhp6Q",0,6,214,562
"178","butterflies_1","S1pRH3aam",2,3,302,779
"179","butterflies_1","r1dtn36TX",0,1,145,529
"180","butterflies_1","BJ6WAj66X",5,5,372,654
"181","butterflies_1","S1w_82p67",0,0,59,407
"182","butterflies_1","BJDvfA6Tm",0,0,145,531
"183","butterflies_1","HkXTfAaTQ",1,1,82,489
"184","butterflies_1","SJ0jVapa7",0,1,100,526
"185","butterflies_1","BJKMAsppQ",0,1,176,517
"186","butterflies_1","SJQGvn6T7",0,2,68,557
"187","butterflies_1","HyO3hRap7",0,3,160,861
"188","butterflies_1","B1q60jpa7",2,2,405,613
"189","butterflies_1","B12wao6aX",1,1,111,417
"190","butterflies_1","HyZFLTTpm",0,0,163,501
"191","butterflies_1","SJDEpiTaQ",3,3,475,795
"192","myAliens_2","B1uhMha6Q",5,34,87,504
"193","myAliens_2","B17rMA66X",15,15,252,252
"194","myAliens_2","HyC_Ohp67",1,2,24,61
"195","myAliens_2","B1WX6iaT7",0,17,59,165
"196","myAliens_2","H1M0asTaQ",11,18,50,157
"197","myAliens_2","B1rlEhp6Q",7,8,80,224
"198","myAliens_2","S1pRH3aam",12,15,246,277
"199","myAliens_2","Hko316apX",7,7,0,0
"200","myAliens_2","r1dtn36TX",17,17,345,345
"201","myAliens_2","BJ6WAj66X",5,13,78,207
"202","myAliens_2","S1w_82p67",17,17,59,59
"203","myAliens_2","BJDvfA6Tm",18,18,401,401
"204","myAliens_2","HkXTfAaTQ",2,15,112,291
"205","myAliens_2","SJ0jVapa7",3,11,89,247
"206","myAliens_2","BJKMAsppQ",15,15,477,477
"207","myAliens_2","SJQGvn6T7",25,25,405,405
"208","myAliens_2","HyO3hRap7",17,17,235,235
"209","myAliens_2","B1q60jpa7",16,16,384,384
"210","myAliens_2","B12wao6aX",7,7,74,74
"211","myAliens_2","SJDEpiTaQ",19,19,141,141
"212","frogs","B1uhMha6Q",3,3,52,52
"213","frogs","B17rMA66X",6,6,39,39
"214","frogs","HyC_Ohp67",1,2,124,182
"215","frogs","B1WX6iaT7",1,6,68,242
"216","frogs","H1M0asTaQ",0,3,32,137
"217","frogs","B1rlEhp6Q",1,1,45,124
"218","frogs","S1pRH3aam",7,13,103,220
"219","frogs","r1dtn36TX",3,4,44,189
"220","frogs","BJ6WAj66X",13,13,119,119
"221","frogs","S1w_82p67",3,12,66,162
"222","frogs","BJDvfA6Tm",1,8,55,224
"223","frogs","HkXTfAaTQ",1,10,31,280
"224","frogs","SJ0jVapa7",1,10,39,304
"225","frogs","BJKMAsppQ",0,6,83,165
"226","frogs","SJQGvn6T7",2,12,52,276
"227","frogs","HyO3hRap7",7,11,77,142
"228","frogs","B1q60jpa7",2,2,90,90
"229","frogs","SJDEpiTaQ",8,8,36,36
"230","aliens_3","B1uhMha6Q",4,5,548,656
"231","aliens_3","B17rMA66X",5,5,326,326
"232","aliens_3","HyC_Ohp67",4,4,194,209
"233","aliens_3","B1WX6iaT7",6,9,348,721
"234","aliens_3","H1M0asTaQ",7,7,887,887
"235","aliens_3","S1Vitp66Q",7,7,558,558
"236","aliens_3","B1rlEhp6Q",6,6,404,404
"237","aliens_3","S1pRH3aam",5,5,233,233
"238","aliens_3","r1dtn36TX",6,6,221,221
"239","aliens_3","BJ6WAj66X",6,6,263,263
"240","aliens_3","S1w_82p67",5,6,209,223
"241","aliens_3","BJDvfA6Tm",4,5,482,1332
"242","aliens_3","HkXTfAaTQ",2,4,209,597
"243","aliens_3","SJ0jVapa7",5,5,493,493
"244","aliens_3","Symqi6apm",3,3,302,302
"245","aliens_3","BJKMAsppQ",1,3,339,846
"246","aliens_3","SJQGvn6T7",3,8,221,500
"247","aliens_3","HyO3hRap7",4,4,234,234
"248","aliens_3","B1q60jpa7",5,5,1315,1315
"249","aliens_3","SJDEpiTaQ",5,5,158,158
"250","frogs_3","rkMehQR6X",2,3,140,238
"251","frogs_3","HyPIyb0pm",6,6,130,237
"252","frogs_3","B1f94xATX",1,2,27,91
"253","frogs_3","SymxSgCa7",4,4,433,433
"254","frogs_3","HJEndgRp7",2,2,43,134
"255","frogs_3","S10A4lATm",1,2,48,69
"256","frogs_3","H1wT_e0pm",10,10,177,177
"257","frogs_3","ry2Um-A6Q",1,1,36,119
"258","frogs_3","rk_vXe06X",2,2,63,160
"259","frogs_3","r1BLdeC6m",0,0,3,3
"260","frogs_3","B1j21b06m",0,10,44,305
"261","frogs_3","HyiIWbATQ",0,0,35,122
"262","frogs_3","H1BLHxRTm",1,3,55,119
"263","frogs_3","rk42LeATX",10,10,172,302
"264","frogs_3","HJ-2PxCam",1,1,11,11
"265","frogs_3","H17VEgAp7",4,6,98,203
"266","frogs_3","H1a4QlCT7",5,7,466,682
"267","frogs_3","BJxgKe06m",10,12,268,408
"268","frogs_3","BJLFheCTQ",4,5,131,228
"269","frogs_3","BkjaReCTQ",3,3,171,278
"270","boulderdash_1","rkMehQR6X",1,10,215,577
"271","boulderdash_1","HyPIyb0pm",9,9,347,347
"272","boulderdash_1","B1f94xATX",0,1,84,403
"273","boulderdash_1","SymxSgCa7",5,5,532,532
"274","boulderdash_1","HJEndgRp7",12,12,757,914
"275","boulderdash_1","S10A4lATm",7,7,167,167
"276","boulderdash_1","H1wT_e0pm",2,2,116,116
"277","boulderdash_1","ry2Um-A6Q",8,8,315,315
"278","boulderdash_1","rk_vXe06X",6,6,353,353
"279","boulderdash_1","r1BLdeC6m",5,5,154,154
"280","boulderdash_1","B1j21b06m",0,6,66,340
"281","boulderdash_1","HyiIWbATQ",0,1,59,204
"282","boulderdash_1","H1BLHxRTm",4,4,253,343
"283","boulderdash_1","rk42LeATX",7,7,470,470
"284","boulderdash_1","H17VEgAp7",7,7,188,188
"285","boulderdash_1","H1a4QlCT7",8,8,524,524
"286","boulderdash_1","BJxgKe06m",3,3,126,126
"287","boulderdash_1","BJLFheCTQ",0,0,55,152
"288","boulderdash_1","BkjaReCTQ",12,12,610,610
"289","aliens_1","rkMehQR6X",1,1,269,692
"290","aliens_1","HyPIyb0pm",1,4,247,661
"291","aliens_1","B1f94xATX",1,2,92,357
"292","aliens_1","SymxSgCa7",1,1,340,880
"293","aliens_1","HJEndgRp7",0,3,144,1128
"294","aliens_1","S10A4lATm",2,7,649,2010
"295","aliens_1","H1wT_e0pm",2,2,507,507
"296","aliens_1","ry2Um-A6Q",3,3,778,969
"297","aliens_1","rk_vXe06X",0,3,41,435
"298","aliens_1","r1BLdeC6m",1,1,476,476
"299","aliens_1","B1j21b06m",2,2,556,556
"300","aliens_1","HyiIWbATQ",0,1,134,689
"301","aliens_1","H1BLHxRTm",1,1,378,911
"302","aliens_1","rk42LeATX",0,3,57,514
"303","aliens_1","H17VEgAp7",3,7,683,985
"304","aliens_1","H1a4QlCT7",1,5,360,1507
"305","aliens_1","BJxgKe06m",0,4,567,1696
"306","aliens_1","BJLFheCTQ",0,0,147,505
"307","aliens_1","BkjaReCTQ",0,3,220,1076
"308","push_boulders","rkMehQR6X",0,4,34,701
"309","push_boulders","HyPIyb0pm",5,5,253,342
"310","push_boulders","B1f94xATX",2,2,99,271
"311","push_boulders","SymxSgCa7",2,2,133,444
"312","push_boulders","HJEndgRp7",3,5,280,526
"313","push_boulders","S10A4lATm",5,5,224,224
"314","push_boulders","HyFxDxAp7",1,1,120,120
"315","push_boulders","H1wT_e0pm",0,1,23,349
"316","push_boulders","ry2Um-A6Q",4,4,220,220
"317","push_boulders","rk_vXe06X",0,1,19,222
"318","push_boulders","r1BLdeC6m",2,2,9,9
"319","push_boulders","B1j21b06m",10,10,101,101
"320","push_boulders","HyiIWbATQ",0,0,17,199
"321","push_boulders","H1BLHxRTm",1,1,23,23
"322","push_boulders","rk42LeATX",5,7,218,692
"323","push_boulders","H17VEgAp7",4,6,81,643
"324","push_boulders","H1a4QlCT7",2,2,87,374
"325","push_boulders","BJxgKe06m",2,3,82,527
"326","push_boulders","BJLFheCTQ",2,2,68,335
"327","push_boulders","BkjaReCTQ",0,2,20,478
"328","avoidgeorge_2","rkMehQR6X",17,17,610,610
"329","avoidgeorge_2","HyPIyb0pm",3,9,122,403
"330","avoidgeorge_2","B1f94xATX",1,1,46,140
"331","avoidgeorge_2","SymxSgCa7",2,9,199,588
"332","avoidgeorge_2","HJEndgRp7",18,37,699,1722
"333","avoidgeorge_2","S10A4lATm",4,11,237,827
"334","avoidgeorge_2","S1x8VeAp7",1,1,0,0
"335","avoidgeorge_2","H1wT_e0pm",17,17,293,293
"336","avoidgeorge_2","ry2Um-A6Q",10,10,302,302
"337","avoidgeorge_2","rk_vXe06X",6,6,154,154
"338","avoidgeorge_2","r1BLdeC6m",6,6,457,457
"339","avoidgeorge_2","B1j21b06m",1,11,152,597
"340","avoidgeorge_2","HyiIWbATQ",1,8,178,879
"341","avoidgeorge_2","H1BLHxRTm",1,7,89,769
"342","avoidgeorge_2","rk42LeATX",2,4,121,385
"343","avoidgeorge_2","H17VEgAp7",13,22,611,974
"344","avoidgeorge_2","H1a4QlCT7",0,10,110,506
"345","avoidgeorge_2","BJxgKe06m",9,9,144,144
"346","avoidgeorge_2","BJLFheCTQ",2,9,176,769
"347","avoidgeorge_2","BkjaReCTQ",8,8,269,269
"348","avoidgeorge_2","r1GiKxCpm",1,1,0,0
"349","antagonist_1","rkMehQR6X",30,36,322,399
"350","antagonist_1","HyPIyb0pm",3,17,47,208
"351","antagonist_1","B1f94xATX",8,8,221,347
"352","antagonist_1","SymxSgCa7",19,19,226,226
"353","antagonist_1","HJEndgRp7",9,32,93,633
"354","antagonist_1","S10A4lATm",5,11,58,182
"355","antagonist_1","H1wT_e0pm",5,11,152,275
"356","antagonist_1","ry2Um-A6Q",7,13,103,185
"357","antagonist_1","rk_vXe06X",3,12,54,144
"358","antagonist_1","r1BLdeC6m",7,13,160,230
"359","antagonist_1","B1j21b06m",3,16,52,361
"360","antagonist_1","HyiIWbATQ",1,5,34,333
"361","antagonist_1","H1BLHxRTm",5,10,98,157
"362","antagonist_1","rk42LeATX",2,13,32,285
"363","antagonist_1","H17VEgAp7",4,20,55,421
"364","antagonist_1","H1a4QlCT7",4,15,52,183
"365","antagonist_1","BJxgKe06m",6,15,76,201
"366","antagonist_1","BJLFheCTQ",0,10,23,162
"367","antagonist_1","BkjaReCTQ",1,5,24,105
"368","aliens","Hy7eL_Aa7",1,1,108,701
"369","aliens","BkzUUICp7",0,0,146,342
"370","aliens","B1uOpuApQ",1,2,187,461
"371","aliens","ry_G-wCpQ",0,0,92,278
"372","aliens","Bku7ePCpm",3,3,220,561
"373","aliens","HJB5y_Ap7",3,5,274,654
"374","aliens","rJ977UR6m",0,2,65,439
"375","aliens","HkQ-A8RTm",0,1,112,661
"376","aliens","B14BmUA67",2,2,203,203
"377","aliens","rJBYdICpm",0,0,0,0
"378","aliens","BJP6GU0am",2,5,298,560
"379","aliens","SkAqzfkC7",1,1,164,394
"380","aliens","S1GTFLC6m",0,1,39,321
"381","aliens","BJKE_OCp7",1,3,174,647
"382","aliens","ryMoMUCTQ",0,0,154,735
"383","aliens","BJb3G806X",2,2,111,111
"384","aliens","B1iOf8CT7",0,0,52,307
"385","aliens","r17r8LR6Q",9,9,380,380
"386","aliens","Hy_qEvAT7",2,4,124,291
"387","aliens","rJxFfLRpQ",0,3,135,714
"388","aliens","B1FjfLCam",2,2,408,999
"389","antagonist_2","Hy7eL_Aa7",4,7,49,262
"390","antagonist_2","BkzUUICp7",1,5,177,392
"391","antagonist_2","B1uOpuApQ",11,18,86,148
"392","antagonist_2","ry_G-wCpQ",6,15,145,608
"393","antagonist_2","Bku7ePCpm",1,7,18,333
"394","antagonist_2","HJB5y_Ap7",5,7,44,228
"395","antagonist_2","rJ977UR6m",1,2,45,225
"396","antagonist_2","HkQ-A8RTm",2,12,13,399
"397","antagonist_2","HyrTxd0aQ",2,2,26,26
"398","antagonist_2","B14BmUA67",6,25,57,350
"399","antagonist_2","rJBYdICpm",1,1,0,0
"400","antagonist_2","BJP6GU0am",2,12,25,639
"401","antagonist_2","SkAqzfkC7",1,12,58,859
"402","antagonist_2","S1GTFLC6m",0,5,8,350
"403","antagonist_2","BJKE_OCp7",4,7,35,291
"404","antagonist_2","ryMoMUCTQ",1,2,17,194
"405","antagonist_2","B1iOf8CT7",1,1,49,183
"406","antagonist_2","r17r8LR6Q",3,23,27,231
"407","antagonist_2","Hy_qEvAT7",1,3,8,110
"408","antagonist_2","rJxFfLRpQ",0,4,11,340
"409","antagonist_2","B1FjfLCam",2,18,30,448
"410","frogs_1","Hy7eL_Aa7",0,1,46,170
"411","frogs_1","BkzUUICp7",1,6,60,244
"412","frogs_1","B1uOpuApQ",3,3,40,40
"413","frogs_1","ry_G-wCpQ",4,9,182,352
"414","frogs_1","Bku7ePCpm",4,19,101,362
"415","frogs_1","HJB5y_Ap7",8,16,251,417
"416","frogs_1","rJ977UR6m",9,10,185,266
"417","frogs_1","HkQ-A8RTm",7,7,76,120
"418","frogs_1","B14BmUA67",13,14,247,281
"419","frogs_1","rJBYdICpm",2,2,3,3
"420","frogs_1","BJP6GU0am",0,5,86,190
"421","frogs_1","SkAqzfkC7",1,6,93,239
"422","frogs_1","S1GTFLC6m",2,3,85,185
"423","frogs_1","BJKE_OCp7",5,14,298,587
"424","frogs_1","ryMoMUCTQ",3,13,122,325
"425","frogs_1","B1iOf8CT7",7,9,156,265
"426","frogs_1","r17r8LR6Q",8,8,293,293
"427","frogs_1","Hy_qEvAT7",11,11,33,33
"428","frogs_1","rJxFfLRpQ",6,13,224,389
"429","frogs_1","B1FjfLCam",21,21,202,202
"430","corridor","Hy7eL_Aa7",0,3,37,259
"431","corridor","BkzUUICp7",0,3,34,298
"432","corridor","B1uOpuApQ",6,6,42,42
"433","corridor","ry_G-wCpQ",0,0,32,154
"434","corridor","Bku7ePCpm",0,4,54,268
"435","corridor","HJB5y_Ap7",1,4,72,249
"436","corridor","rJ977UR6m",0,2,35,208
"437","corridor","HkQ-A8RTm",2,5,78,297
"438","corridor","B14BmUA67",7,17,192,416
"439","corridor","BJP6GU0am",0,3,41,263
"440","corridor","SkAqzfkC7",12,14,357,625
"441","corridor","S1GTFLC6m",0,1,36,184
"442","corridor","BJKE_OCp7",3,6,93,290
"443","corridor","ryMoMUCTQ",3,9,107,453
"444","corridor","B1iOf8CT7",1,2,56,215
"445","corridor","r17r8LR6Q",7,21,155,222
"446","corridor","Hy_qEvAT7",3,13,117,215
"447","corridor","rJxFfLRpQ",0,1,35,168
"448","corridor","B1FjfLCam",4,11,293,442
"449","myAliens_1","Hy7eL_Aa7",5,10,388,672
"450","myAliens_1","BkzUUICp7",2,9,130,786
"451","myAliens_1","B1uOpuApQ",9,9,350,350
"452","myAliens_1","ry_G-wCpQ",2,2,99,336
"453","myAliens_1","Bku7ePCpm",2,14,416,1000
"454","myAliens_1","HJB5y_Ap7",5,5,246,310
"455","myAliens_1","rJ977UR6m",1,4,243,785
"456","myAliens_1","HkQ-A8RTm",0,3,131,463
"457","myAliens_1","B14BmUA67",7,7,438,438
"458","myAliens_1","rJBYdICpm",7,7,389,389
"459","myAliens_1","BJP6GU0am",11,13,703,928
"460","myAliens_1","SkAqzfkC7",4,19,592,1162
"461","myAliens_1","S1GTFLC6m",1,4,79,423
"462","myAliens_1","BJKE_OCp7",5,6,389,511
"463","myAliens_1","ryMoMUCTQ",8,11,613,939
"464","myAliens_1","B1iOf8CT7",2,3,349,712
"465","myAliens_1","r17r8LR6Q",0,17,88,1363
"466","myAliens_1","Hy_qEvAT7",7,7,143,143
"467","myAliens_1","rJxFfLRpQ",2,6,277,430
"468","myAliens_1","B1FjfLCam",20,20,817,817
"469","myAliens_1","H1qPKeJR7",6,7,285,314
"470","portals_2","Hy7eL_Aa7",5,6,91,542
"471","portals_2","BkzUUICp7",12,17,251,788
"472","portals_2","B1uOpuApQ",9,9,161,161
"473","portals_2","ry_G-wCpQ",7,8,100,903
"474","portals_2","S18wEURa7",4,4,22,22
"475","portals_2","Bku7ePCpm",14,14,206,423
"476","portals_2","HJB5y_Ap7",13,13,159,159
"477","portals_2","rJ977UR6m",4,7,101,526
"478","portals_2","HkQ-A8RTm",5,13,85,804
"479","portals_2","B14BmUA67",27,27,201,201
"480","portals_2","BJP6GU0am",16,19,267,878
"481","portals_2","SkAqzfkC7",15,18,315,740
"482","portals_2","S1GTFLC6m",5,9,112,989
"483","portals_2","BJKE_OCp7",20,20,299,299
"484","portals_2","ryMoMUCTQ",13,19,273,943
"485","portals_2","Sy4pHuRTX",1,1,7,7
"486","portals_2","B1iOf8CT7",5,6,145,283
"487","portals_2","r17r8LR6Q",10,10,147,147
"488","portals_2","Hy_qEvAT7",14,14,140,140
"489","portals_2","rJxFfLRpQ",5,13,92,585
"490","portals_2","B1FjfLCam",18,18,361,361
"491","watergame","Skxfu9JRQ",3,3,188,188
"492","watergame","B1KuiT1AQ",7,7,250,250
"493","watergame","HJmltK1A7",3,6,69,385
"494","watergame","S1f2_YyAm",21,21,264,264
"495","watergame","Skwm3ckC7",9,12,252,430
"496","watergame","rJWHjuKJRX",4,18,128,1444
"497","watergame","B1W5-qkRm",9,9,249,249
"498","watergame","rkrocKJCX",1,1,164,164
"499","watergame","rytputJ0m",7,7,182,182
"500","watergame","S1F5OFk07",9,9,367,367
"501","watergame","r1QyhKJRm",6,9,79,400
"502","watergame","SJI0FY1C7",10,18,125,594
"503","watergame","H1tXGq1Am",4,11,70,755
"504","watergame","Hkv3BTkRm",5,14,115,723
"505","watergame","H1cEbpkC7",4,4,148,148
"506","watergame","rJx79FyAX",0,0,4,4
"507","watergame","ByBjOY1Rm",3,3,29,29
"508","watergame","BJRrpikRQ",3,7,66,609
"509","watergame","rkIi_YJCQ",14,14,236,236
"510","watergame","HJ2W5YkRX",12,12,234,234
"511","watergame","B1ZlOoJAm",4,7,98,343
"512","watergame","rkgaEq1C7",4,6,85,395
"513","zelda_2","Skxfu9JRQ",5,9,241,639
"514","zelda_2","B1KuiT1AQ",0,16,28,398
"515","zelda_2","HJmltK1A7",5,20,376,1879
"516","zelda_2","S1f2_YyAm",3,16,61,308
"517","zelda_2","Skwm3ckC7",0,12,23,483
"518","zelda_2","rJWHjuKJRX",1,27,48,681
"519","zelda_2","B1W5-qkRm",2,12,65,412
"520","zelda_2","rkrocKJCX",5,6,120,254
"521","zelda_2","rytputJ0m",1,8,26,83
"522","zelda_2","SkCcYKk0X",2,2,30,30
"523","zelda_2","S1F5OFk07",3,11,152,597
"524","zelda_2","r1QyhKJRm",7,20,182,476
"525","zelda_2","SJI0FY1C7",8,20,132,336
"526","zelda_2","H1tXGq1Am",1,13,130,1196
"527","zelda_2","Hkv3BTkRm",1,12,49,321
"528","zelda_2","H1cEbpkC7",2,5,66,133
"529","zelda_2","BJRrpikRQ",0,20,28,476
"530","zelda_2","rkIi_YJCQ",1,9,107,723
"531","zelda_2","HJ2W5YkRX",12,12,448,448
"532","zelda_2","B1ZlOoJAm",0,16,18,494
"533","zelda_2","rkgaEq1C7",2,7,71,250
"534","preconditions_2","Skxfu9JRQ",0,11,41,369
"535","preconditions_2","B1KuiT1AQ",0,14,22,578
"536","preconditions_2","HJmltK1A7",0,15,24,411
"537","preconditions_2","S1f2_YyAm",0,14,24,372
"538","preconditions_2","Skwm3ckC7",0,3,20,270
"539","preconditions_2","rJWHjuKJRX",0,4,25,307
"540","preconditions_2","B1W5-qkRm",0,9,14,321
"541","preconditions_2","rkrocKJCX",0,6,23,293
"542","preconditions_2","rytputJ0m",0,10,20,240
"543","preconditions_2","S1F5OFk07",0,3,22,191
"544","preconditions_2","r1QyhKJRm",0,3,16,250
"545","preconditions_2","SJI0FY1C7",0,8,26,330
"546","preconditions_2","Bke5FK10Q",0,0,9,9
"547","preconditions_2","H1tXGq1Am",0,10,14,541
"548","preconditions_2","Hkv3BTkRm",0,8,22,352
"549","preconditions_2","H1cEbpkC7",0,6,15,201
"550","preconditions_2","rJx79FyAX",0,0,0,0
"551","preconditions_2","BJRrpikRQ",0,2,20,391
"552","preconditions_2","rkIi_YJCQ",0,6,24,323
"553","preconditions_2","HJ2W5YkRX",0,12,18,228
"554","preconditions_2","B1ZlOoJAm",0,2,20,172
"555","preconditions_2","rkgaEq1C7",0,2,24,469
"556","frogs_2","Skxfu9JRQ",10,10,254,254
"557","frogs_2","B1KuiT1AQ",2,6,74,110
"558","frogs_2","HJmltK1A7",2,5,38,171
"559","frogs_2","S1f2_YyAm",17,17,83,83
"560","frogs_2","Skwm3ckC7",3,4,134,222
"561","frogs_2","rJWHjuKJRX",10,11,204,333
"562","frogs_2","B1W5-qkRm",14,14,132,132
"563","frogs_2","rkrocKJCX",9,9,94,94
"564","frogs_2","H1ZSg9y07",3,3,135,135
"565","frogs_2","rytputJ0m",11,11,78,78
"566","frogs_2","S1F5OFk07",1,12,120,511
"567","frogs_2","r1QyhKJRm",11,15,86,218
"568","frogs_2","SJI0FY1C7",12,12,68,68
"569","frogs_2","H1tXGq1Am",1,8,86,392
"570","frogs_2","Hkv3BTkRm",2,18,128,430
"571","frogs_2","H1cEbpkC7",2,2,78,78
"572","frogs_2","rJx79FyAX",2,2,86,86
"573","frogs_2","BJRrpikRQ",1,10,40,296
"574","frogs_2","rkIi_YJCQ",2,8,108,257
"575","frogs_2","HJ2W5YkRX",6,6,64,64
"576","frogs_2","B1ZlOoJAm",5,5,117,151
"577","frogs_2","rkgaEq1C7",0,0,16,70
"578","surprise","Skxfu9JRQ",0,0,41,224
"579","surprise","B1KuiT1AQ",0,0,18,89
"580","surprise","HJmltK1A7",0,0,29,170
"581","surprise","S1f2_YyAm",0,0,17,85
"582","surprise","Skwm3ckC7",0,0,18,93
"583","surprise","rJWHjuKJRX",0,0,19,105
"584","surprise","B1W5-qkRm",0,0,24,108
"585","surprise","rkrocKJCX",0,0,29,107
"586","surprise","rytputJ0m",0,0,28,111
"587","surprise","S1F5OFk07",0,0,18,81
"588","surprise","r1QyhKJRm",0,0,26,155
"589","surprise","SJI0FY1C7",0,0,26,92
"590","surprise","H1tXGq1Am",0,0,26,114
"591","surprise","Hkv3BTkRm",0,0,16,101
"592","surprise","H1cEbpkC7",0,0,14,85
"593","surprise","rJx79FyAX",0,0,0,0
"594","surprise","BJRrpikRQ",0,0,19,89
"595","surprise","rkIi_YJCQ",0,0,14,82
"596","surprise","HJ2W5YkRX",0,0,26,116
"597","surprise","B1ZlOoJAm",0,0,16,120
"598","surprise","rkgaEq1C7",0,0,14,80
"599","plaqueattack","Skxfu9JRQ",7,7,1044,1044
"600","plaqueattack","B1KuiT1AQ",2,5,235,1127
"601","plaqueattack","HJmltK1A7",6,6,670,670
"602","plaqueattack","S1f2_YyAm",8,8,367,367
"603","plaqueattack","Skwm3ckC7",5,6,477,1283
"604","plaqueattack","rJWHjuKJRX",7,7,374,374
"605","plaqueattack","B1W5-qkRm",1,92,156,11619
"606","plaqueattack","rkrocKJCX",8,8,319,319
"607","plaqueattack","rytputJ0m",9,9,377,377
"608","plaqueattack","S1F5OFk07",3,3,271,908
"609","plaqueattack","r1QyhKJRm",2,4,295,1173
"610","plaqueattack","SJI0FY1C7",7,9,466,620
"611","plaqueattack","H1tXGq1Am",0,1,222,1034
"612","plaqueattack","Hkv3BTkRm",4,8,238,1335
"613","plaqueattack","H1cEbpkC7",1,1,51,51
"614","plaqueattack","rJx79FyAX",5,5,129,129
"615","plaqueattack","BJRrpikRQ",1,6,251,1629
"616","plaqueattack","rkIi_YJCQ",4,6,400,1541
"617","plaqueattack","HJ2W5YkRX",8,9,461,1178
"618","plaqueattack","B1ZlOoJAm",1,2,315,1201
"619","plaqueattack","rkgaEq1C7",11,11,497,497
"620","relational_2","HySfLOe0m",0,4,30,975
"621","relational_2","BJBo7_eA7",0,0,21,700
"622","relational_2","B16Q8FeR7",0,4,37,443
"623","relational_2","B1bwqOxAm",0,1,81,712
"624","relational_2","H1hrSOxR7",0,1,45,851
"625","relational_2","rybbHdlA7",0,0,76,633
"626","relational_2","HJDDKYe0m",0,0,172,529
"627","relational_2","ryxGrdxCX",0,1,69,584
"628","relational_2","HJBvPOeRm",0,0,0,370
"629","relational_2","B1fG_deAm",0,0,1,479
"630","relational_2","H1N8SulR7",0,1,67,1408
"631","relational_2","HJJg0_e0m",0,1,51,562
"632","relational_2","SJN1Lue0X",0,1,0,679
"633","relational_2","SJlvEdxAX",0,0,23,405
"634","relational_2","rkG3dtlAX",0,0,32,350
"635","relational_2","rJc6L_eRX",0,1,38,347
"636","relational_2","rkvT_deAm",0,0,38,675
"637","relational_2","ByEh__eAm",0,2,38,1161
"638","relational_2","ryITmOeR7",0,0,45,635
"639","relational_2","rJ8F2KeRX",0,0,119,257
"640","watergame_1","HySfLOe0m",4,10,120,404
"641","watergame_1","BJBo7_eA7",5,7,159,269
"642","watergame_1","rJ8KN_gCQ",6,7,293,439
"643","watergame_1","B16Q8FeR7",3,3,241,241
"644","watergame_1","B1bwqOxAm",2,3,62,166
"645","watergame_1","H1hrSOxR7",3,3,255,255
"646","watergame_1","rybbHdlA7",3,10,57,496
"647","watergame_1","SJAbUdgAQ",4,4,111,111
"648","watergame_1","HJDDKYe0m",4,8,159,667
"649","watergame_1","ryxGrdxCX",8,8,190,190
"650","watergame_1","HJBvPOeRm",2,2,115,115
"651","watergame_1","B1fG_deAm",2,7,53,540
"652","watergame_1","H1N8SulR7",5,10,83,731
"653","watergame_1","HJJg0_e0m",4,5,77,234
"654","watergame_1","SJN1Lue0X",8,8,291,291
"655","watergame_1","SJlvEdxAX",3,4,191,480
"656","watergame_1","rkG3dtlAX",0,0,43,43
"657","watergame_1","rJc6L_eRX",4,4,249,357
"658","watergame_1","rkvT_deAm",5,5,328,328
"659","watergame_1","ByEh__eAm",5,8,186,502
"660","watergame_1","ryITmOeR7",4,20,63,1250
"661","watergame_1","rJ8F2KeRX",0,0,178,178
"662","jaws","HySfLOe0m",4,9,135,718
"663","jaws","BJBo7_eA7",15,18,597,1187
"664","jaws","B16Q8FeR7",10,18,160,276
"665","jaws","B1bwqOxAm",2,3,138,342
"666","jaws","H1hrSOxR7",11,11,446,446
"667","jaws","rybbHdlA7",2,4,203,715
"668","jaws","HJDDKYe0m",3,4,139,655
"669","jaws","ryxGrdxCX",11,13,288,374
"670","jaws","HJBvPOeRm",9,9,199,199
"671","jaws","B1fG_deAm",4,5,153,630
"672","jaws","H1N8SulR7",9,10,513,888
"673","jaws","HJJg0_e0m",6,7,237,563
"674","jaws","SJN1Lue0X",15,15,476,476
"675","jaws","SJlvEdxAX",3,4,85,281
"676","jaws","rkG3dtlAX",8,8,209,209
"677","jaws","rJc6L_eRX",4,6,168,467
"678","jaws","rkvT_deAm",11,20,368,1196
"679","jaws","ryITmOeR7",3,3,236,841
"680","jaws","rJ8F2KeRX",11,11,93,93
"681","jaws","Hy_KCdeA7",1,1,18,18
"682","chase_3","HySfLOe0m",6,6,646,646
"683","chase_3","HkB3SOg0Q",0,0,24,24
"684","chase_3","BJBo7_eA7",3,6,340,614
"685","chase_3","rJ8KN_gCQ",0,7,175,761
"686","chase_3","B16Q8FeR7",8,8,462,462
"687","chase_3","B1bwqOxAm",5,5,462,462
"688","chase_3","H1hrSOxR7",10,10,690,690
"689","chase_3","rybbHdlA7",15,15,927,927
"690","chase_3","HJDDKYe0m",3,13,393,1195
"691","chase_3","ryxGrdxCX",5,5,315,315
"692","chase_3","HJBvPOeRm",3,3,488,488
"693","chase_3","B1fG_deAm",0,19,117,1784
"694","chase_3","H1N8SulR7",6,11,510,1209
"695","chase_3","HJJg0_e0m",8,8,503,503
"696","chase_3","SJN1Lue0X",9,9,593,593
"697","chase_3","SJlvEdxAX",3,15,369,1073
"698","chase_3","rkG3dtlAX",0,0,26,26
"699","chase_3","rJc6L_eRX",3,4,402,453
"700","chase_3","rkvT_deAm",3,6,471,752
"701","chase_3","ryITmOeR7",0,5,100,682
"702","chase_3","rJ8F2KeRX",0,0,648,648
"703","sokoban_1","HySfLOe0m",0,0,238,238
"704","sokoban_1","BJBo7_eA7",0,0,350,350
"705","sokoban_1","rJ8KN_gCQ",0,0,398,398
"706","sokoban_1","B16Q8FeR7",1,1,184,184
"707","sokoban_1","B1bwqOxAm",0,1,97,392
"708","sokoban_1","ByNmOYgRQ",0,0,6,6
"709","sokoban_1","H1hrSOxR7",0,0,805,1083
"710","sokoban_1","rybbHdlA7",0,0,394,599
"711","sokoban_1","HJJ3Nde0m",0,0,0,0
"712","sokoban_1","HJDDKYe0m",0,0,442,567
"713","sokoban_1","ryxGrdxCX",1,1,247,247
"714","sokoban_1","HJBvPOeRm",0,0,281,281
"715","sokoban_1","B1fG_deAm",0,0,450,983
"716","sokoban_1","H1N8SulR7",0,0,93,540
"717","sokoban_1","HJJg0_e0m",0,0,264,264
"718","sokoban_1","SJN1Lue0X",0,0,240,240
"719","sokoban_1","SJlvEdxAX",1,2,554,1378
"720","sokoban_1","rkG3dtlAX",0,0,67,67
"721","sokoban_1","rJc6L_eRX",0,0,538,538
"722","sokoban_1","rkvT_deAm",0,0,470,508
"723","sokoban_1","ByEh__eAm",0,0,503,503
"724","sokoban_1","ryITmOeR7",0,0,371,597
"725","sokoban_1","rJ8F2KeRX",0,0,434,434
"726","zelda","HySfLOe0m",1,10,47,357
"727","zelda","BJBo7_eA7",1,2,135,350
"728","zelda","B16Q8FeR7",6,6,91,91
"729","zelda","B1bwqOxAm",10,10,246,246
"730","zelda","H1hrSOxR7",1,7,141,388
"731","zelda","rybbHdlA7",0,1,25,175
"732","zelda","HJDDKYe0m",1,9,89,492
"733","zelda","ryxGrdxCX",2,13,58,387
"734","zelda","HJBvPOeRm",2,2,101,101
"735","zelda","B1fG_deAm",0,3,27,254
"736","zelda","H1N8SulR7",1,3,33,200
"737","zelda","HJJg0_e0m",3,15,84,460
"738","zelda","SJN1Lue0X",2,17,61,589
"739","zelda","SJlvEdxAX",1,11,50,372
"740","zelda","rkG3dtlAX",2,5,86,194
"741","zelda","rJc6L_eRX",1,1,53,110
"742","zelda","rkvT_deAm",0,3,38,129
"743","zelda","ByEh__eAm",5,7,181,323
"744","zelda","ryITmOeR7",7,11,264,544
"745","zelda","rJ8F2KeRX",0,0,283,283
"746","myAliens","SkQWB2x0Q",1,4,94,418
"747","myAliens","SkDbtae0X",1,1,89,89
"748","myAliens","HJAbk3g0X",0,3,96,407
"749","myAliens","ry5Uz2gAQ",1,1,97,311
"750","myAliens","BkNWoixA7",1,1,240,240
"751","myAliens","HkV7vTl0Q",3,4,160,494
"752","myAliens","B1O1sieAm",0,2,67,206
"753","myAliens","Syk-2og0X",4,4,763,763
"754","myAliens","Hy9GxRxAX",1,3,121,540
"755","myAliens","Hkrp5oxA7",0,3,9,54
"756","myAliens","HyJXjilA7",2,4,109,347
"757","myAliens","BJYdWTlA7",0,3,55,89
"758","myAliens","Hkq4y2xAQ",7,7,295,295
"759","myAliens","rkYF5jlAQ",0,2,67,415
"760","myAliens","B14ki1W0m",1,1,94,94
"761","myAliens","Sy-Ajie07",0,4,40,159
"762","myAliens","BJWe96lA7",1,2,57,246
"763","myAliens","rypW2ilCX",1,6,15,41
"764","myAliens","HJp55se0Q",3,8,146,257
"765","myAliens","rybW3jeRX",0,1,45,214
"766","lemmings_1","SkQWB2x0Q",2,3,485,2123
"767","lemmings_1","SkDbtae0X",3,3,263,263
"768","lemmings_1","HJAbk3g0X",6,6,369,369
"769","lemmings_1","ry5Uz2gAQ",4,5,664,2342
"770","lemmings_1","BkNWoixA7",4,4,241,241
"771","lemmings_1","HkV7vTl0Q",3,3,461,2066
"772","lemmings_1","B1O1sieAm",3,3,570,570
"773","lemmings_1","Syk-2og0X",6,6,513,513
"774","lemmings_1","Hy9GxRxAX",3,3,370,370
"775","lemmings_1","Hkrp5oxA7",4,4,916,1285
"776","lemmings_1","HyJXjilA7",2,2,349,554
"777","lemmings_1","BJYdWTlA7",2,2,332,848
"778","lemmings_1","Hkq4y2xAQ",23,23,208,208
"779","lemmings_1","rkYF5jlAQ",4,4,877,877
"780","lemmings_1","B14ki1W0m",3,4,477,1450
"781","lemmings_1","Sy-Ajie07",4,4,636,636
"782","lemmings_1","BJWe96lA7",4,4,570,885
"783","lemmings_1","rypW2ilCX",1,4,183,665
"784","lemmings_1","HJp55se0Q",6,6,402,402
"785","lemmings_1","rybW3jeRX",3,3,595,1030
"786","jaws_1","SkQWB2x0Q",5,9,419,1259
"787","jaws_1","SkDbtae0X",9,9,153,153
"788","jaws_1","HJAbk3g0X",5,8,127,348
"789","jaws_1","ry5Uz2gAQ",5,9,467,1217
"790","jaws_1","BkNWoixA7",6,6,194,194
"791","jaws_1","HkV7vTl0Q",4,4,149,383
"792","jaws_1","B1O1sieAm",8,10,222,323
"793","jaws_1","Syk-2og0X",7,7,215,215
"794","jaws_1","Hy9GxRxAX",0,1,65,435
"795","jaws_1","Hkrp5oxA7",2,3,67,316
"796","jaws_1","HyJXjilA7",3,3,82,449
"797","jaws_1","BJYdWTlA7",3,6,103,419
"798","jaws_1","Hkq4y2xAQ",3,3,84,285
"799","jaws_1","rkYF5jlAQ",4,4,140,394
"800","jaws_1","B14ki1W0m",2,7,172,849
"801","jaws_1","Sy-Ajie07",4,8,126,381
"802","jaws_1","BJWe96lA7",3,6,123,575
"803","jaws_1","rypW2ilCX",4,5,153,374
"804","jaws_1","HJp55se0Q",3,6,113,347
"805","jaws_1","rybW3jeRX",2,4,117,512
"806","helper","SkQWB2x0Q",0,0,138,395
"807","helper","SkDbtae0X",0,0,50,463
"808","helper","HJAbk3g0X",0,0,58,385
"809","helper","ry5Uz2gAQ",0,0,82,336
"810","helper","BkNWoixA7",0,0,52,244
"811","helper","HkV7vTl0Q",0,0,66,296
"812","helper","B1O1sieAm",0,0,41,260
"813","helper","Syk-2og0X",0,0,54,398
"814","helper","Hy9GxRxAX",0,0,62,324
"815","helper","Hkrp5oxA7",0,0,65,263
"816","helper","HyJXjilA7",0,0,29,211
"817","helper","BJYdWTlA7",0,0,141,334
"818","helper","Hkq4y2xAQ",0,0,33,208
"819","helper","rkYF5jlAQ",0,0,115,367
"820","helper","B14ki1W0m",0,0,63,274
"821","helper","Sy-Ajie07",0,0,55,313
"822","helper","BJWe96lA7",0,0,54,244
"823","helper","rypW2ilCX",0,0,44,362
"824","helper","HJp55se0Q",0,0,72,304
"825","helper","rybW3jeRX",0,0,52,287
"826","chase","SkQWB2x0Q",1,1,270,728
"827","chase","SkDbtae0X",0,0,498,498
"828","chase","HJAbk3g0X",2,3,576,1118
"829","chase","ry5Uz2gAQ",0,4,121,968
"830","chase","BkNWoixA7",2,2,637,637
"831","chase","HkV7vTl0Q",0,1,86,789
"832","chase","B1O1sieAm",1,1,208,615
"833","chase","Syk-2og0X",0,0,531,646
"834","chase","Hy9GxRxAX",2,2,515,1107
"835","chase","Hkrp5oxA7",1,1,218,748
"836","chase","HyJXjilA7",1,1,306,944
"837","chase","BJYdWTlA7",1,1,202,666
"838","chase","Hkq4y2xAQ",1,2,224,562
"839","chase","rkYF5jlAQ",2,4,336,1006
"840","chase","B14ki1W0m",0,1,123,709
"841","chase","Sy-Ajie07",1,1,426,723
"842","chase","BJWe96lA7",1,1,333,751
"843","chase","rypW2ilCX",1,3,592,1329
"844","chase","HJp55se0Q",2,3,589,1200
"845","chase","rybW3jeRX",1,1,613,1226
"846","bait","SkQWB2x0Q",0,2,106,1008
"847","bait","SkDbtae0X",0,1,140,144
"848","bait","HJAbk3g0X",0,4,112,695
"849","bait","ry5Uz2gAQ",0,5,88,476
"850","bait","BkNWoixA7",0,2,128,270
"851","bait","HkV7vTl0Q",0,5,78,986
"852","bait","B1O1sieAm",0,2,174,410
"853","bait","Syk-2og0X",0,4,260,375
"854","bait","Hy9GxRxAX",0,3,30,471
"855","bait","Hkrp5oxA7",0,2,108,556
"856","bait","HyJXjilA7",0,2,23,391
"857","bait","BJYdWTlA7",0,3,16,278
"858","bait","Hkq4y2xAQ",0,2,40,45
"859","bait","rkYF5jlAQ",0,5,377,618
"860","bait","B14ki1W0m",0,1,123,446
"861","bait","Sy-Ajie07",0,4,72,298
"862","bait","BJWe96lA7",0,3,10,516
"863","bait","rypW2ilCX",0,3,102,824
"864","bait","HJp55se0Q",0,4,32,301
"865","bait","rybW3jeRX",0,3,34,575
"866","corridor_1","r1Js6mPpQ",7,15,165,469
"867","corridor_1","rJ0n-twp7",6,9,130,368
"868","corridor_1","S1tNv9wTQ",10,24,210,527
"869","corridor_1","B1Q2ZKv6m",21,21,343,343
"870","corridor_1","HJeKjYvaQ",1,1,58,191
"871","corridor_1","rJ4uPYPTm",4,4,47,47
"872","corridor_1","rk7IyNvaX",3,7,79,294
"873","corridor_1","SynU_Ywpm",8,21,366,916
"874","corridor_1","r1bCBQFDp7",9,10,172,314
"875","corridor_1","HJ6RrNPa7",4,8,135,358
"876","corridor_1","r1RkmNDa7",7,9,174,363
"877","corridor_1","BkvbRSvTm",6,7,170,328
"878","corridor_1","SJWKyNwpQ",13,16,313,393
"879","corridor_1","rkcoZHv6Q",17,17,355,355
"880","corridor_1","ryHk7NwaX",12,12,104,104
"881","corridor_1","H1R1GFD6X",11,15,256,519
"882","corridor_1","HJrNmoP67",19,19,211,211
"883","corridor_1","ryZrqFwaQ",1,1,11,11
"884","corridor_1","SyQKGYD6X",25,25,310,310
"885","corridor_1","HkffDNwTX",13,15,252,349
"886","corridor_1","r1_y9YDp7",9,12,324,520
"887","corridor_1","rJRBXYvaX",10,18,261,588
"888","corridor_1","BJRu-tva7",14,14,140,140
"889","corridor_1","HJ4qfYvpm",15,15,146,146
"890","watergame_2","r1Js6mPpQ",1,7,26,708
"891","watergame_2","HJWEUNPTm",5,5,264,264
"892","watergame_2","rJ0n-twp7",2,8,41,344
"893","watergame_2","S1tNv9wTQ",2,6,87,364
"894","watergame_2","BJ-LtYvpQ",0,0,24,24
"895","watergame_2","B1Q2ZKv6m",12,12,280,280
"896","watergame_2","HJeKjYvaQ",1,10,43,502
"897","watergame_2","rJ4uPYPTm",2,4,78,175
"898","watergame_2","rk7IyNvaX",3,8,93,300
"899","watergame_2","SynU_Ywpm",5,5,184,184
"900","watergame_2","r1bCBQFDp7",3,6,56,375
"901","watergame_2","HJ6RrNPa7",2,8,47,614
"902","watergame_2","r1RkmNDa7",4,10,111,427
"903","watergame_2","BkvbRSvTm",1,2,31,523
"904","watergame_2","Syw3nQvpQ",2,8,46,438
"905","watergame_2","SJWKyNwpQ",3,14,73,451
"906","watergame_2","rkcoZHv6Q",17,17,177,177
"907","watergame_2","ryHk7NwaX",3,3,145,145
"908","watergame_2","H1R1GFD6X",3,6,57,222
"909","watergame_2","HJrNmoP67",3,4,45,338
"910","watergame_2","ryZrqFwaQ",3,3,104,104
"911","watergame_2","SyQKGYD6X",6,15,168,1058
"912","watergame_2","HkffDNwTX",2,2,144,144
"913","watergame_2","r1_y9YDp7",2,9,33,411
"914","watergame_2","rJRBXYvaX",3,7,131,429
"915","watergame_2","BJRu-tva7",6,13,131,395
"916","watergame_2","HJ4qfYvpm",3,3,104,104
"917","bees_and_birds","r1Js6mPpQ",0,6,25,340
"918","bees_and_birds","rJ0n-twp7",0,1,40,146
"919","bees_and_birds","S1tNv9wTQ",1,4,19,238
"920","bees_and_birds","B1Q2ZKv6m",1,7,44,397
"921","bees_and_birds","HJeKjYvaQ",1,1,38,125
"922","bees_and_birds","rJ4uPYPTm",2,6,84,269
"923","bees_and_birds","rk7IyNvaX",0,1,19,112
"924","bees_and_birds","SynU_Ywpm",1,3,29,183
"925","bees_and_birds","r1bCBQFDp7",0,1,20,114
"926","bees_and_birds","HJ6RrNPa7",1,5,29,227
"927","bees_and_birds","r1RkmNDa7",1,1,38,143
"928","bees_and_birds","BkvbRSvTm",1,4,20,161
"929","bees_and_birds","Syw3nQvpQ",0,1,25,115
"930","bees_and_birds","SJWKyNwpQ",0,1,16,163
"931","bees_and_birds","rkcoZHv6Q",0,1,20,115
"932","bees_and_birds","ryHk7NwaX",2,7,57,221
"933","bees_and_birds","H1R1GFD6X",1,2,31,145
"934","bees_and_birds","HJrNmoP67",0,1,26,119
"935","bees_and_birds","ryZrqFwaQ",2,2,0,0
"936","bees_and_birds","SyQKGYD6X",2,5,43,238
"937","bees_and_birds","HkffDNwTX",0,1,20,117
"938","bees_and_birds","r1_y9YDp7",1,3,28,174
"939","bees_and_birds","rJRBXYvaX",0,2,18,160
"940","bees_and_birds","BJRu-tva7",1,2,29,122
"941","bees_and_birds","HJ4qfYvpm",1,3,26,188
"942","zelda_3","r1Js6mPpQ",2,12,238,935
"943","zelda_3","rJ0n-twp7",8,48,330,1519
"944","zelda_3","S1tNv9wTQ",12,12,302,302
"945","zelda_3","B1Q2ZKv6m",9,9,195,195
"946","zelda_3","HJeKjYvaQ",0,18,35,656
"947","zelda_3","rJ4uPYPTm",5,13,167,258
"948","zelda_3","ByFPYuv6X",0,0,123,123
"949","zelda_3","rk7IyNvaX",4,19,215,711
"950","zelda_3","SynU_Ywpm",2,14,172,495
"951","zelda_3","r1bCBQFDp7",0,24,31,405
"952","zelda_3","HJ6RrNPa7",15,29,641,1350
"953","zelda_3","r1RkmNDa7",2,15,111,699
"954","zelda_3","BkvbRSvTm",1,10,104,424
"955","zelda_3","Syw3nQvpQ",3,10,100,235
"956","zelda_3","SJWKyNwpQ",0,12,59,406
"957","zelda_3","rkcoZHv6Q",6,10,282,333
"958","zelda_3","ryHk7NwaX",10,10,334,334
"959","zelda_3","H1R1GFD6X",0,31,25,787
"960","zelda_3","HJrNmoP67",1,35,42,700
"961","zelda_3","ryZrqFwaQ",1,1,17,17
"962","zelda_3","SyQKGYD6X",7,7,236,236
"963","zelda_3","HkffDNwTX",3,16,108,395
"964","zelda_3","r1_y9YDp7",17,27,723,1519
"965","zelda_3","rJRBXYvaX",2,9,69,301
"966","zelda_3","BJRu-tva7",4,26,79,358
"967","zelda_3","HJ4qfYvpm",4,9,103,293
"968","avoidgeorge_1","r1Js6mPpQ",2,8,227,905
"969","avoidgeorge_1","rJ0n-twp7",1,13,92,872
"970","avoidgeorge_1","S1tNv9wTQ",9,9,446,446
"971","avoidgeorge_1","B1Q2ZKv6m",12,12,475,475
"972","avoidgeorge_1","HJeKjYvaQ",3,3,124,302
"973","avoidgeorge_1","rJ4uPYPTm",10,10,250,250
"974","avoidgeorge_1","rk7IyNvaX",6,7,289,542
"975","avoidgeorge_1","SynU_Ywpm",10,20,591,1525
"976","avoidgeorge_1","r1bCBQFDp7",1,7,49,598
"977","avoidgeorge_1","HJ6RrNPa7",7,10,324,702
"978","avoidgeorge_1","r1RkmNDa7",1,7,112,476
"979","avoidgeorge_1","BkvbRSvTm",2,4,119,463
"980","avoidgeorge_1","Syw3nQvpQ",15,15,372,372
"981","avoidgeorge_1","SJWKyNwpQ",6,10,628,982
"982","avoidgeorge_1","rkcoZHv6Q",8,8,447,447
"983","avoidgeorge_1","ryHk7NwaX",10,10,361,361
"984","avoidgeorge_1","H1R1GFD6X",12,17,341,840
"985","avoidgeorge_1","HJrNmoP67",14,27,952,1998
"986","avoidgeorge_1","ryZrqFwaQ",1,1,160,160
"987","avoidgeorge_1","SyQKGYD6X",26,54,963,2122
"988","avoidgeorge_1","HkffDNwTX",16,16,384,384
"989","avoidgeorge_1","r1_y9YDp7",2,5,128,500
"990","avoidgeorge_1","rJRBXYvaX",2,5,116,613
"991","avoidgeorge_1","BJRu-tva7",12,12,518,518
"992","avoidgeorge_1","HJ4qfYvpm",12,12,413,413
"993","butterflies","r1Js6mPpQ",0,0,158,441
"994","butterflies","rJ0n-twp7",0,0,199,523
"995","butterflies","S1tNv9wTQ",2,2,417,778
"996","butterflies","B1Q2ZKv6m",1,1,410,465
"997","butterflies","HJeKjYvaQ",0,0,83,382
"998","butterflies","rJ4uPYPTm",2,2,209,401
"999","butterflies","rk7IyNvaX",0,0,83,421
"1000","butterflies","SynU_Ywpm",0,0,89,384
"1001","butterflies","r1bCBQFDp7",0,0,55,344
"1002","butterflies","HJ6RrNPa7",1,1,364,982
"1003","butterflies","r1RkmNDa7",0,0,201,504
"1004","butterflies","BkvbRSvTm",0,0,116,350
"1005","butterflies","Syw3nQvpQ",0,0,143,567
"1006","butterflies","SJWKyNwpQ",1,1,180,583
"1007","butterflies","rkcoZHv6Q",1,1,305,607
"1008","butterflies","ryHk7NwaX",0,0,123,479
"1009","butterflies","H1R1GFD6X",0,0,164,356
"1010","butterflies","HJrNmoP67",0,1,85,442
"1011","butterflies","ryZrqFwaQ",0,1,125,134
"1012","butterflies","SyQKGYD6X",1,2,110,509
"1013","butterflies","HkffDNwTX",1,1,143,431
"1014","butterflies","r1_y9YDp7",0,0,203,532
"1015","butterflies","rJRBXYvaX",0,0,233,513
"1016","butterflies","BJRu-tva7",0,0,95,374
"1017","butterflies","HJ4qfYvpm",0,1,117,449
"1018","chase_2","Syw3nQvpQ",0,6,161,1204
"1019","chase_2","rkzFQXKa7",3,3,390,390
"1020","chase_2","S1l2QXFT7",3,3,477,477
"1021","chase_2","B1xmXXYa7",4,6,882,1508
"1022","chase_2","BkRJNXKTX",0,1,193,275
"1023","chase_2","ByRVxXtT7",1,3,283,1201
"1024","chase_2","S1n9TQFaX",0,3,181,791
"1025","chase_2","HkMHWmKp7",0,0,216,216
"1026","chase_2","ByOFeQYaX",0,6,133,1100
"1027","chase_2","SyQ1X7F6Q",3,3,549,549
"1028","chase_2","Skiv1mYaX",2,7,334,1306
"1029","chase_2","rkxihSFpQ",2,5,365,1034
"1030","chase_2","S1I0_7Kam",1,4,256,843
"1031","chase_2","B18ovXFTQ",0,8,195,1616
"1032","chase_2","SJlLiUtTQ",1,1,328,328
"1033","chase_2","H1mFyQFTX",7,7,661,661
"1034","chase_2","BkqOimF6m",6,6,505,505
"1035","chase_2","Bywpz7Fam",0,3,175,822
"1036","chase_2","ByvkpVFaX",5,5,810,810
"1037","chase_2","H1w-lNK67",1,1,193,535
"1038","chase_2","BkQuymK67",1,3,322,941
"1039","boulderdash","HJ32mhuaX",4,4,172,172
"1040","boulderdash","BJGRb3OT7",6,6,261,261
"1041","boulderdash","B1jf8Ad6X",6,6,516,516
"1042","boulderdash","BkkrpAuam",21,21,2755,3065
"1043","boulderdash","H1kX46dpm",5,5,292,292
"1044","boulderdash","r1FQ02_p7",5,5,229,229
"1045","boulderdash","SJhSg3upm",3,3,209,209
"1046","boulderdash","Skj3_2_p7",4,4,78,78
"1047","boulderdash","HkjoV6OTX",15,15,1418,1418
"1048","boulderdash","BJABZ2OT7",8,8,996,996
"1049","boulderdash","H1Cn9h_67",0,0,5,5
"1050","boulderdash","BJPKn3uaQ",7,10,1030,1539
"1051","boulderdash","HJM6yJKT7",8,8,560,560
"1052","boulderdash","ry4ws3_aX",7,7,587,587
"1053","boulderdash","SyuBYaO6Q",7,7,520,520
"1054","boulderdash","HJYsx3_Tm",3,3,194,194
"1055","boulderdash","rkcPVndTX",4,4,150,150
"1056","boulderdash","r16ExnuTX",7,7,494,494
"1057","boulderdash","rkXE42OT7",7,7,388,388
"1058","boulderdash","SJIgXgtpm",9,9,638,638
"1059","boulderdash","SJ5Azh_T7",4,4,515,515
"1060","boulderdash","rJJxB3Oam",14,14,1126,1126
"1061","boulderdash","rJm-E2O6X",6,6,251,251
"1062","boulderdash","r1G6W0dTX",6,8,462,1082
"1063","boulderdash","HykK4hdam",10,10,637,637
"1064","portals","BJGRb3OT7",1,1,101,101
"1065","portals","B1jf8Ad6X",6,27,214,618
"1066","portals","BkkrpAuam",1,26,58,647
"1067","portals","H1kX46dpm",3,3,46,46
"1068","portals","SJxdohO6Q",1,1,22,22
"1069","portals","r1FQ02_p7",1,1,9,9
"1070","portals","SJhSg3upm",7,7,229,229
"1071","portals","HkjoV6OTX",7,7,204,204
"1072","portals","BJABZ2OT7",2,14,92,338
"1073","portals","BJPKn3uaQ",1,5,127,362
"1074","portals","HJM6yJKT7",11,23,301,572
"1075","portals","ry4ws3_aX",5,13,188,266
"1076","portals","SyuBYaO6Q",12,12,281,281
"1077","portals","rkcPVndTX",16,16,431,431
"1078","portals","r16ExnuTX",8,8,343,343
"1079","portals","rkXE42OT7",9,14,432,544
"1080","portals","SJIgXgtpm",2,28,114,527
"1081","portals","SJ5Azh_T7",4,24,115,413
"1082","portals","rJJxB3Oam",6,6,191,200
"1083","portals","rJm-E2O6X",18,18,313,313
"1084","portals","r1G6W0dTX",1,9,72,285
"1085","portals","HykK4hdam",6,12,152,259
"1086","survivezombies_1","BJGRb3OT7",2,2,327,327
"1087","survivezombies_1","B1jf8Ad6X",1,6,138,702
"1088","survivezombies_1","BkkrpAuam",1,22,223,2417
"1089","survivezombies_1","H1kX46dpm",3,3,467,467
"1090","survivezombies_1","r1FQ02_p7",1,1,379,379
"1091","survivezombies_1","SJhSg3upm",0,6,147,716
"1092","survivezombies_1","HkjoV6OTX",6,6,548,548
"1093","survivezombies_1","BJABZ2OT7",1,4,173,701
"1094","survivezombies_1","BJPKn3uaQ",0,14,172,1741
"1095","survivezombies_1","HJM6yJKT7",1,8,402,1213
"1096","survivezombies_1","ry4ws3_aX",1,17,244,1785
"1097","survivezombies_1","SyuBYaO6Q",5,7,450,601
"1098","survivezombies_1","rkcPVndTX",7,7,412,412
"1099","survivezombies_1","S16ku2O6X",1,16,199,1661
"1100","survivezombies_1","r16ExnuTX",1,4,616,1137
"1101","survivezombies_1","rkXE42OT7",0,4,65,717
"1102","survivezombies_1","SJIgXgtpm",0,1,52,389
"1103","survivezombies_1","SJ5Azh_T7",3,6,1082,1387
"1104","survivezombies_1","rJJxB3Oam",1,1,256,256
"1105","survivezombies_1","rJm-E2O6X",3,7,253,524
"1106","survivezombies_1","r1G6W0dTX",1,6,161,798
"1107","survivezombies_1","HykK4hdam",0,6,171,564
"1108","avoidgeorge","BJGRb3OT7",11,11,218,218
"1109","avoidgeorge","B1jf8Ad6X",3,4,196,514
"1110","avoidgeorge","BkkrpAuam",2,3,178,772
"1111","avoidgeorge","H1kX46dpm",3,3,65,65
"1112","avoidgeorge","ryiXU2OTX",4,4,157,157
"1113","avoidgeorge","r1FQ02_p7",3,3,25,25
"1114","avoidgeorge","SJhSg3upm",3,10,133,629
"1115","avoidgeorge","HkjoV6OTX",8,9,493,662
"1116","avoidgeorge","BJABZ2OT7",2,5,239,1126
"1117","avoidgeorge","BJPKn3uaQ",5,5,319,780
"1118","avoidgeorge","HJM6yJKT7",24,24,774,774
"1119","avoidgeorge","ry4ws3_aX",5,9,288,1191
"1120","avoidgeorge","SyuBYaO6Q",15,15,696,696
"1121","avoidgeorge","rkcPVndTX",7,9,356,611
"1122","avoidgeorge","rJuKWhO6m",3,3,64,64
"1123","avoidgeorge","HyfExndpQ",1,1,0,0
"1124","avoidgeorge","r16ExnuTX",4,7,210,398
"1125","avoidgeorge","rkXE42OT7",2,7,169,1082
"1126","avoidgeorge","SJIgXgtpm",4,8,321,1002
"1127","avoidgeorge","SJ5Azh_T7",8,14,490,1488
"1128","avoidgeorge","rJJxB3Oam",3,3,177,346
"1129","avoidgeorge","rJm-E2O6X",8,9,197,381
"1130","avoidgeorge","r1G6W0dTX",7,12,303,1447
"1131","avoidgeorge","H1k3f2upm",1,1,31,31
"1132","avoidgeorge","HykK4hdam",14,14,611,1028
"1133","missilecommand_1","BJGRb3OT7",11,11,0,0
"1134","missilecommand_1","BkkrpAuam",3,4,116,253
"1135","missilecommand_1","H1kX46dpm",1,5,49,134
"1136","missilecommand_1","r1FQ02_p7",0,14,39,370
"1137","missilecommand_1","SJhSg3upm",0,1,22,192
"1138","missilecommand_1","HkjoV6OTX",5,14,109,435
"1139","missilecommand_1","BJABZ2OT7",0,0,36,203
"1140","missilecommand_1","H1Cn9h_67",2,4,66,246
"1141","missilecommand_1","BJPKn3uaQ",4,4,173,336
"1142","missilecommand_1","HJM6yJKT7",0,0,42,265
"1143","missilecommand_1","ry4ws3_aX",1,2,83,333
"1144","missilecommand_1","SyuBYaO6Q",6,6,137,359
"1145","missilecommand_1","rkcPVndTX",16,16,553,553
"1146","missilecommand_1","r16ExnuTX",1,6,61,296
"1147","missilecommand_1","rkXE42OT7",0,2,27,209
"1148","missilecommand_1","SJIgXgtpm",0,1,34,204
"1149","missilecommand_1","SJ5Azh_T7",0,2,38,330
"1150","missilecommand_1","rJJxB3Oam",5,11,93,358
"1151","missilecommand_1","rJm-E2O6X",15,15,249,249
"1152","missilecommand_1","r1G6W0dTX",2,2,81,225
"1153","missilecommand_1","HykK4hdam",14,14,440,440
"1154","surprise_2","BJGRb3OT7",0,0,10,132
"1155","surprise_2","B1jf8Ad6X",0,0,25,158
"1156","surprise_2","BkkrpAuam",0,0,34,139
"1157","surprise_2","H1kX46dpm",0,0,15,15
"1158","surprise_2","r1FQ02_p7",0,0,43,103
"1159","surprise_2","SJhSg3upm",0,0,28,95
"1160","surprise_2","HkjoV6OTX",0,0,18,151
"1161","surprise_2","BJABZ2OT7",0,0,28,155
"1162","surprise_2","H1Cn9h_67",0,0,18,74
"1163","surprise_2","BJPKn3uaQ",0,0,27,130
"1164","surprise_2","HJM6yJKT7",0,0,43,225
"1165","surprise_2","ry4ws3_aX",0,0,37,132
"1166","surprise_2","SyuBYaO6Q",0,0,9,130
"1167","surprise_2","rkcPVndTX",0,0,52,257
"1168","surprise_2","r16ExnuTX",0,0,24,127
"1169","surprise_2","rkXE42OT7",0,0,10,109
"1170","surprise_2","SJIgXgtpm",0,0,43,168
"1171","surprise_2","SJ5Azh_T7",0,0,18,110
"1172","surprise_2","rJJxB3Oam",0,0,47,144
"1173","surprise_2","rJm-E2O6X",0,0,16,125
"1174","surprise_2","r1G6W0dTX",0,0,12,60
"1175","surprise_2","HykK4hdam",0,0,30,103
"1176","sokoban","rkzFQXKa7",2,2,172,172
"1177","sokoban","S1l2QXFT7",0,0,254,331
"1178","sokoban","B1xmXXYa7",0,0,299,487
"1179","sokoban","BkRJNXKTX",0,0,124,244
"1180","sokoban","ByRVxXtT7",0,0,203,484
"1181","sokoban","S1n9TQFaX",0,0,89,316
"1182","sokoban","HkMHWmKp7",0,0,301,301
"1183","sokoban","ByOFeQYaX",0,0,188,333
"1184","sokoban","SyQ1X7F6Q",0,0,41,41
"1185","sokoban","Skiv1mYaX",0,0,486,646
"1186","sokoban","HybjUmt6X",0,0,169,169
"1187","sokoban","HJHyKXF6m",0,0,81,81
"1188","sokoban","rkxihSFpQ",0,0,153,363
"1189","sokoban","S1I0_7Kam",1,1,293,293
"1190","sokoban","B18ovXFTQ",0,0,255,745
"1191","sokoban","HyzurQK67",0,0,106,403
"1192","sokoban","SJlLiUtTQ",0,0,194,194
"1193","sokoban","H1mFyQFTX",0,0,244,422
"1194","sokoban","BkqOimF6m",0,0,359,359
"1195","sokoban","Bywpz7Fam",0,0,250,250
"1196","sokoban","ByvkpVFaX",0,0,463,923
"1197","sokoban","H1w-lNK67",0,0,211,560
"1198","sokoban","BkQuymK67",0,0,206,393
"1199","helper_1","rkzFQXKa7",0,0,31,332
"1200","helper_1","S1l2QXFT7",0,0,29,237
"1201","helper_1","B1xmXXYa7",0,0,38,279
"1202","helper_1","BkRJNXKTX",0,0,34,216
"1203","helper_1","ByRVxXtT7",0,0,44,256
"1204","helper_1","S1n9TQFaX",0,0,45,204
"1205","helper_1","HkMHWmKp7",0,0,29,327
"1206","helper_1","ByOFeQYaX",0,0,55,283
"1207","helper_1","SyQ1X7F6Q",0,0,142,510
"1208","helper_1","Skiv1mYaX",0,0,35,330
"1209","helper_1","rkxihSFpQ",0,0,38,227
"1210","helper_1","S1I0_7Kam",0,0,38,331
"1211","helper_1","H1J_kXt67",0,0,0,0
"1212","helper_1","B18ovXFTQ",0,0,48,442
"1213","helper_1","HyzurQK67",0,0,31,381
"1214","helper_1","SJlLiUtTQ",0,0,80,703
"1215","helper_1","H1mFyQFTX",0,1,29,623
"1216","helper_1","BkqOimF6m",0,0,53,601
"1217","helper_1","Bywpz7Fam",0,0,63,393
"1218","helper_1","ByvkpVFaX",0,0,43,428
"1219","helper_1","H1w-lNK67",0,0,61,366
"1220","helper_1","BkQuymK67",0,0,29,201
"1221","relational","rkzFQXKa7",0,1,141,527
"1222","relational","S1l2QXFT7",0,0,89,174
"1223","relational","B1xmXXYa7",2,2,680,965
"1224","relational","BkRJNXKTX",0,0,98,431
"1225","relational","ByRVxXtT7",0,0,112,436
"1226","relational","S1n9TQFaX",0,0,201,470
"1227","relational","HkMHWmKp7",0,0,241,241
"1228","relational","ByOFeQYaX",0,0,139,489
"1229","relational","SyQ1X7F6Q",0,0,328,328
"1230","relational","Skiv1mYaX",0,0,88,535
"1231","relational","rkxihSFpQ",0,0,67,310
"1232","relational","S1I0_7Kam",0,0,503,503
"1233","relational","B18ovXFTQ",0,0,150,150
"1234","relational","HyzurQK67",0,0,149,337
"1235","relational","SJlLiUtTQ",0,0,389,389
"1236","relational","H1mFyQFTX",0,0,175,482
"1237","relational","BkqOimF6m",0,0,454,454
"1238","relational","Bywpz7Fam",2,2,298,298
"1239","relational","ByvkpVFaX",0,2,209,616
"1240","relational","H1w-lNK67",0,0,222,829
"1241","relational","BkQuymK67",0,0,36,352
"1242","closing_gates","rkzFQXKa7",0,0,75,257
"1243","closing_gates","S1l2QXFT7",0,0,56,117
"1244","closing_gates","B1xmXXYa7",0,0,188,404
"1245","closing_gates","BkRJNXKTX",0,0,65,194
"1246","closing_gates","ByRVxXtT7",0,0,189,376
"1247","closing_gates","S1n9TQFaX",0,0,21,202
"1248","closing_gates","HkMHWmKp7",0,0,55,229
"1249","closing_gates","ByOFeQYaX",0,0,26,203
"1250","closing_gates","SyQ1X7F6Q",0,0,95,147
"1251","closing_gates","Skiv1mYaX",0,0,60,150
"1252","closing_gates","rkxihSFpQ",0,0,50,204
"1253","closing_gates","S1I0_7Kam",0,0,54,139
"1254","closing_gates","B18ovXFTQ",0,0,108,221
"1255","closing_gates","SJlLiUtTQ",0,0,75,350
"1256","closing_gates","H1mFyQFTX",0,0,76,165
"1257","closing_gates","BkqOimF6m",0,0,175,316
"1258","closing_gates","Bywpz7Fam",0,0,115,291
"1259","closing_gates","ByvkpVFaX",0,0,208,325
"1260","closing_gates","H1w-lNK67",0,0,22,206
"1261","closing_gates","BkQuymK67",0,0,93,249
"1262","bait_1","rkzFQXKa7",0,3,97,159
"1263","bait_1","S1l2QXFT7",0,0,49,49
"1264","bait_1","HyZRQNFTQ",0,0,22,22
"1265","bait_1","B1xmXXYa7",0,8,69,1656
"1266","bait_1","BkRJNXKTX",0,3,55,244
"1267","bait_1","ByRVxXtT7",0,6,21,737
"1268","bait_1","S1n9TQFaX",0,5,57,451
"1269","bait_1","HkMHWmKp7",0,6,66,434
"1270","bait_1","ByOFeQYaX",0,1,49,413
"1271","bait_1","SyQ1X7F6Q",0,13,30,202
"1272","bait_1","Skiv1mYaX",0,3,25,340
"1273","bait_1","rkxihSFpQ",0,6,33,989
"1274","bait_1","S1I0_7Kam",0,4,14,276
"1275","bait_1","B18ovXFTQ",0,0,88,88
"1276","bait_1","HyzurQK67",0,3,18,466
"1277","bait_1","SJlLiUtTQ",0,0,146,146
"1278","bait_1","SJ1hzwKTQ",0,0,67,67
"1279","bait_1","H1mFyQFTX",0,2,124,181
"1280","bait_1","BkqOimF6m",0,5,212,434
"1281","bait_1","Bywpz7Fam",0,0,139,139
"1282","bait_1","ByvkpVFaX",0,9,137,539
"1283","bait_1","H1w-lNK67",0,3,83,648
"1284","bait_1","BkQuymK67",0,11,56,1129
"1285","push_boulders_1","Hy00rgqaQ",3,3,111,111
"1286","push_boulders_1","HJKBa0KT7",1,2,79,426
"1287","push_boulders_1","r1FBKRtpm",4,6,196,780
"1288","push_boulders_1","SJJiMgq67",3,8,100,501
"1289","push_boulders_1","SkRNLAtp7",1,2,83,331
"1290","push_boulders_1","ByPs6McpX",7,7,665,665
"1291","push_boulders_1","Skhx_19Tm",2,6,74,311
"1292","push_boulders_1","HJKAGk9aQ",0,4,31,398
"1293","push_boulders_1","Sk3Xlmcpm",7,7,478,478
"1294","push_boulders_1","r1jkPRY6m",4,5,464,583
"1295","push_boulders_1","rJdn9J9TX",6,6,658,658
"1296","push_boulders_1","B1s_EycTm",2,4,90,302
"1297","push_boulders_1","r1rmTAKpQ",2,5,233,609
"1298","push_boulders_1","HJvHwMqT7",1,6,53,444
"1299","push_boulders_1","S1me4JcTX",0,0,1,1
"1300","push_boulders_1","HJDzEe5am",1,2,44,324
"1301","push_boulders_1","BymQUk96X",3,9,187,1122
"1302","push_boulders_1","ByOSP1qa7",0,3,59,586
"1303","push_boulders_1","B1Ti2AKpm",4,5,333,380
"1304","push_boulders_1","SkAYJZcTX",3,7,158,1058
"1305","push_boulders_1","HknPUe5TQ",1,4,58,172
"1306","push_boulders_1","rkVeqJcTm",0,4,75,251
"1307","push_boulders_1","ByMrmeqp7",3,3,149,324
"1308","zelda_1","HJKBa0KT7",7,12,140,290
"1309","zelda_1","r1FBKRtpm",2,12,215,1144
"1310","zelda_1","SJJiMgq67",1,10,126,542
"1311","zelda_1","SkRNLAtp7",1,7,112,311
"1312","zelda_1","ByPs6McpX",3,28,167,1388
"1313","zelda_1","Skhx_19Tm",13,13,340,340
"1314","zelda_1","HJKAGk9aQ",3,16,142,657
"1315","zelda_1","Sk3Xlmcpm",3,14,127,539
"1316","zelda_1","r1jkPRY6m",1,14,97,664
"1317","zelda_1","rJdn9J9TX",6,19,312,1191
"1318","zelda_1","B1s_EycTm",4,7,343,428
"1319","zelda_1","r1rmTAKpQ",7,13,342,511
"1320","zelda_1","HJvHwMqT7",2,13,90,405
"1321","zelda_1","HJDzEe5am",1,11,114,451
"1322","zelda_1","BymQUk96X",6,25,369,1746
"1323","zelda_1","ByOSP1qa7",5,23,223,1081
"1324","zelda_1","Sy0R3k5TX",10,10,211,211
"1325","zelda_1","B1Ti2AKpm",3,11,221,648
"1326","zelda_1","SkAYJZcTX",2,13,97,802
"1327","zelda_1","HknPUe5TQ",6,6,241,241
"1328","zelda_1","rkVeqJcTm",5,5,91,91
"1329","zelda_1","ByMrmeqp7",4,12,275,511
"1330","avoidgeorge_3","HJKBa0KT7",5,6,245,420
"1331","avoidgeorge_3","r1FBKRtpm",1,3,77,412
"1332","avoidgeorge_3","SJJiMgq67",0,1,78,347
"1333","avoidgeorge_3","SkRNLAtp7",3,9,218,551
"1334","avoidgeorge_3","ByPs6McpX",23,58,1147,4967
"1335","avoidgeorge_3","Skhx_19Tm",2,11,134,735
"1336","avoidgeorge_3","HJKAGk9aQ",1,2,62,89
"1337","avoidgeorge_3","Sk3Xlmcpm",2,5,209,661
"1338","avoidgeorge_3","r1jkPRY6m",1,3,109,411
"1339","avoidgeorge_3","rJdn9J9TX",1,1,70,240
"1340","avoidgeorge_3","B1s_EycTm",1,3,108,413
"1341","avoidgeorge_3","r1rmTAKpQ",1,5,55,429
"1342","avoidgeorge_3","HJvHwMqT7",5,6,273,351
"1343","avoidgeorge_3","HJDzEe5am",6,6,221,221
"1344","avoidgeorge_3","Hkx7hAF6Q",4,4,167,167
"1345","avoidgeorge_3","BymQUk96X",6,19,412,1477
"1346","avoidgeorge_3","ByOSP1qa7",1,3,124,334
"1347","avoidgeorge_3","B1Ti2AKpm",3,6,152,470
"1348","avoidgeorge_3","SkAYJZcTX",0,1,75,292
"1349","avoidgeorge_3","HknPUe5TQ",9,9,354,354
"1350","avoidgeorge_3","rkVeqJcTm",2,6,140,274
"1351","avoidgeorge_3","ByMrmeqp7",1,5,121,486
"1352","missilecommand_2","HJKBa0KT7",1,8,38,231
"1353","missilecommand_2","r1FBKRtpm",3,5,124,283
"1354","missilecommand_2","ByRmZlc6Q",6,6,84,84
"1355","missilecommand_2","SJJiMgq67",4,5,119,217
"1356","missilecommand_2","SkRNLAtp7",1,14,74,197
"1357","missilecommand_2","ByPs6McpX",33,33,485,485
"1358","missilecommand_2","Skhx_19Tm",7,30,159,566
"1359","missilecommand_2","HJKAGk9aQ",3,8,75,199
"1360","missilecommand_2","Sk3Xlmcpm",1,7,34,195
"1361","missilecommand_2","r1jkPRY6m",5,12,85,298
"1362","missilecommand_2","rJdn9J9TX",1,4,36,161
"1363","missilecommand_2","B1s_EycTm",3,14,44,243
"1364","missilecommand_2","r1rmTAKpQ",1,14,53,280
"1365","missilecommand_2","HJvHwMqT7",4,11,53,216
"1366","missilecommand_2","HJDzEe5am",9,24,174,352
"1367","missilecommand_2","BymQUk96X",3,32,53,589
"1368","missilecommand_2","ByOSP1qa7",0,2,28,114
"1369","missilecommand_2","B1Ti2AKpm",12,21,182,262
"1370","missilecommand_2","SkAYJZcTX",6,8,149,278
"1371","missilecommand_2","HknPUe5TQ",5,19,69,190
"1372","missilecommand_2","rkVeqJcTm",2,20,23,141
"1373","missilecommand_2","ByMrmeqp7",11,22,176,318
"1374","ee_2","HJKBa0KT7",0,0,55,603
"1375","ee_2","r1kOjAK6Q",1,1,356,356
"1376","ee_2","r1FBKRtpm",0,0,217,761
"1377","ee_2","SJJiMgq67",0,0,108,695
"1378","ee_2","SkRNLAtp7",0,0,237,954
"1379","ee_2","ByPs6McpX",0,0,148,1203
"1380","ee_2","Skhx_19Tm",0,0,102,827
"1381","ee_2","HJKAGk9aQ",0,0,120,579
"1382","ee_2","Sk3Xlmcpm",0,0,158,526
"1383","ee_2","r1jkPRY6m",0,0,154,780
"1384","ee_2","rJdn9J9TX",0,0,82,460
"1385","ee_2","B1s_EycTm",0,0,52,1126
"1386","ee_2","r1rmTAKpQ",0,0,206,885
"1387","ee_2","HJvHwMqT7",0,0,89,698
"1388","ee_2","HJoIQgc6m",0,0,226,226
"1389","ee_2","HJDzEe5am",0,0,703,809
"1390","ee_2","BymQUk96X",0,0,267,833
"1391","ee_2","ByOSP1qa7",0,0,77,831
"1392","ee_2","Sy0R3k5TX",0,0,124,831
"1393","ee_2","B1Ti2AKpm",0,0,345,966
"1394","ee_2","SkAYJZcTX",0,0,55,644
"1395","ee_2","ByRMjCFT7",0,0,160,160
"1396","ee_2","HknPUe5TQ",0,0,150,773
"1397","ee_2","rkVeqJcTm",0,1,322,807
"1398","ee_2","ByMrmeqp7",0,0,72,761
"1399","survivezombies_2","HJKBa0KT7",0,2,139,842
"1400","survivezombies_2","r1FBKRtpm",0,2,176,1185
"1401","survivezombies_2","SJJiMgq67",0,1,107,784
"1402","survivezombies_2","SkRNLAtp7",0,3,44,617
"1403","survivezombies_2","ByPs6McpX",0,5,199,943
"1404","survivezombies_2","Skhx_19Tm",0,8,107,940
"1405","survivezombies_2","HJKAGk9aQ",0,5,96,705
"1406","survivezombies_2","Sk3Xlmcpm",0,4,150,716
"1407","survivezombies_2","r1jkPRY6m",0,2,124,878
"1408","survivezombies_2","rJdn9J9TX",1,4,260,982
"1409","survivezombies_2","B1s_EycTm",0,4,111,1073
"1410","survivezombies_2","r1rmTAKpQ",0,5,127,681
"1411","survivezombies_2","HJvHwMqT7",0,4,89,683
"1412","survivezombies_2","HJDzEe5am",0,5,133,1316
"1413","survivezombies_2","BymQUk96X",0,5,147,1187
"1414","survivezombies_2","ByOSP1qa7",1,7,120,947
"1415","survivezombies_2","B1Ti2AKpm",0,0,113,696
"1416","survivezombies_2","SkAYJZcTX",0,4,239,1560
"1417","survivezombies_2","HknPUe5TQ",0,0,151,359
"1418","survivezombies_2","rkVeqJcTm",1,4,117,478
"1419","survivezombies_2","ByMrmeqp7",0,5,104,587
"1420","sokoban_2","ByraC9iam",0,0,85,85
"1421","sokoban_2","BynX6OjaX",0,0,429,429
"1422","sokoban_2","S15b3nsT7",0,0,176,490
"1423","sokoban_2","Hy1u-FiaX",0,0,232,232
"1424","sokoban_2","ry8pQtiam",0,0,322,322
"1425","sokoban_2","rkediYs6m",0,0,252,324
"1426","sokoban_2","H1YxGsip7",0,0,141,385
"1427","sokoban_2","HJ7SQts6X",1,1,356,619
"1428","sokoban_2","ryXR7tj6Q",0,0,652,652
"1429","sokoban_2","S1wGKcoa7",0,0,80,364
"1430","sokoban_2","B1lTauiam",0,0,151,516
"1431","sokoban_2","Bk-zxOYo67",0,0,523,729
"1432","sokoban_2","H15Thdo6Q",0,0,66,66
"1433","sokoban_2","HylB7Kj67",0,0,260,260
"1434","sokoban_2","SJQWU9oT7",0,0,414,952
"1435","sokoban_2","HJq0q3iam",0,0,423,423
"1436","sokoban_2","Syoui9j6X",0,0,138,393
"1437","sokoban_2","ryzf2_oa7",0,0,107,347
"1438","sokoban_2","Sk6ghujTQ",0,0,191,378
"1439","sokoban_2","H15W2Oiam",0,0,208,463
"1440","preconditions","BynX6OjaX",0,2,25,229
"1441","preconditions","S15b3nsT7",0,1,36,209
"1442","preconditions","Hy1u-FiaX",0,1,36,203
"1443","preconditions","ry8pQtiam",0,3,28,232
"1444","preconditions","rkediYs6m",0,7,22,316
"1445","preconditions","H1YxGsip7",0,4,26,378
"1446","preconditions","HJ7SQts6X",0,5,20,329
"1447","preconditions","ryXR7tj6Q",0,12,19,380
"1448","preconditions","S1wGKcoa7",0,4,21,382
"1449","preconditions","B1lTauiam",0,3,22,246
"1450","preconditions","Bk-zxOYo67",0,1,26,345
"1451","preconditions","H15Thdo6Q",0,5,14,243
"1452","preconditions","HylB7Kj67",0,2,20,236
"1453","preconditions","SJQWU9oT7",0,3,24,308
"1454","preconditions","HJq0q3iam",0,1,14,181
"1455","preconditions","Syoui9j6X",0,0,24,200
"1456","preconditions","ryzf2_oa7",0,3,20,240
"1457","preconditions","Sk6ghujTQ",0,2,18,272
"1458","preconditions","Hk3VWYs6m",0,5,58,217
"1459","preconditions","H15W2Oiam",0,1,14,189
"1460","boulderdash_2","BynX6OjaX",1,9,94,721
"1461","boulderdash_2","S15b3nsT7",8,8,765,765
"1462","boulderdash_2","Hy1u-FiaX",9,9,344,344
"1463","boulderdash_2","ry8pQtiam",4,7,345,635
"1464","boulderdash_2","rkediYs6m",5,6,353,376
"1465","boulderdash_2","H1YxGsip7",9,9,536,536
"1466","boulderdash_2","HJ7SQts6X",3,7,185,360
"1467","boulderdash_2","ryXR7tj6Q",9,9,458,458
"1468","boulderdash_2","S1wGKcoa7",13,13,828,828
"1469","boulderdash_2","B1lTauiam",4,10,291,791
"1470","boulderdash_2","Bk-zxOYo67",9,9,595,595
"1471","boulderdash_2","H15Thdo6Q",0,0,75,75
"1472","boulderdash_2","HylB7Kj67",9,9,379,379
"1473","boulderdash_2","SJQWU9oT7",7,12,369,899
"1474","boulderdash_2","HJq0q3iam",3,6,336,501
"1475","boulderdash_2","Syoui9j6X",0,6,89,316
"1476","boulderdash_2","ryzf2_oa7",8,8,456,456
"1477","boulderdash_2","Sk6ghujTQ",9,9,591,591
"1478","boulderdash_2","rJLk8tiT7",1,1,12,12
"1479","boulderdash_2","Hk3VWYs6m",9,9,447,447
"1480","boulderdash_2","H15W2Oiam",12,17,847,1355
"1481","bait_2","BynX6OjaX",0,2,15,328
"1482","bait_2","S15b3nsT7",0,5,22,1069
"1483","bait_2","Hy1u-FiaX",0,4,15,886
"1484","bait_2","ry8pQtiam",0,3,9,217
"1485","bait_2","rkediYs6m",0,3,9,314
"1486","bait_2","H1YxGsip7",0,6,20,604
"1487","bait_2","HJ7SQts6X",0,3,19,340
"1488","bait_2","ryXR7tj6Q",0,6,52,195
"1489","bait_2","S1wGKcoa7",0,3,35,560
"1490","bait_2","B1lTauiam",0,11,26,915
"1491","bait_2","Bk-zxOYo67",0,10,24,610
"1492","bait_2","H15Thdo6Q",0,1,55,301
"1493","bait_2","HylB7Kj67",0,7,37,890
"1494","bait_2","SJQWU9oT7",0,7,12,643
"1495","bait_2","HJq0q3iam",0,2,29,633
"1496","bait_2","Syoui9j6X",0,0,19,403
"1497","bait_2","ryzf2_oa7",0,7,18,332
"1498","bait_2","Sk6ghujTQ",1,1,252,252
"1499","bait_2","Hk3VWYs6m",0,10,59,190
"1500","bait_2","H15W2Oiam",0,1,54,491
"1501","antagonist","BynX6OjaX",0,9,22,317
"1502","antagonist","S15b3nsT7",1,4,36,217
"1503","antagonist","Hy1u-FiaX",0,15,20,436
"1504","antagonist","ry8pQtiam",1,4,38,163
"1505","antagonist","rkediYs6m",0,9,23,173
"1506","antagonist","H1YxGsip7",2,7,49,255
"1507","antagonist","HJ7SQts6X",1,1,23,86
"1508","antagonist","ryXR7tj6Q",0,13,20,250
"1509","antagonist","S1wGKcoa7",1,7,28,293
"1510","antagonist","B1lTauiam",0,6,20,404
"1511","antagonist","Bk-zxOYo67",0,2,28,286
"1512","antagonist","H15Thdo6Q",0,6,24,269
"1513","antagonist","HylB7Kj67",2,8,32,237
"1514","antagonist","SJQWU9oT7",0,4,23,417
"1515","antagonist","HJq0q3iam",1,5,34,159
"1516","antagonist","Syoui9j6X",0,2,20,232
"1517","antagonist","ryzf2_oa7",3,14,63,304
"1518","antagonist","Sk6ghujTQ",0,3,24,217
"1519","antagonist","Hk3VWYs6m",16,16,277,277
"1520","antagonist","H15W2Oiam",0,1,20,177
"1521","ee","BynX6OjaX",0,0,32,213
"1522","ee","S15b3nsT7",0,0,30,204
"1523","ee","Hy1u-FiaX",0,0,33,156
"1524","ee","ry8pQtiam",0,0,30,266
"1525","ee","rkediYs6m",0,0,30,237
"1526","ee","H1YxGsip7",0,0,32,199
"1527","ee","HJ7SQts6X",0,0,30,212
"1528","ee","ryXR7tj6Q",0,0,31,251
"1529","ee","S1wGKcoa7",0,0,30,169
"1530","ee","B1lTauiam",0,0,32,154
"1531","ee","BJ_qa_sTX",0,0,0,0
"1532","ee","Bk-zxOYo67",0,0,33,200
"1533","ee","H15Thdo6Q",0,0,44,295
"1534","ee","HylB7Kj67",0,0,30,239
"1535","ee","SJQWU9oT7",0,0,30,211
"1536","ee","HJq0q3iam",0,0,32,288
"1537","ee","Syoui9j6X",0,0,33,230
"1538","ee","ryzf2_oa7",0,0,32,258
"1539","ee","Sk6ghujTQ",0,0,35,191
"1540","ee","Hk3VWYs6m",0,0,32,301
"1541","ee","H15W2Oiam",0,0,30,190
"1542","aliens_4","rk0Wvv3aX",8,15,492,868
"1543","aliens_4","S13fwUnpX",16,16,210,210
"1544","aliens_4","r1YCA82pm",6,6,470,814
"1545","aliens_4","rk2y4wn6m",3,26,256,1707
"1546","aliens_4","Hy53ILhaX",4,17,271,1366
"1547","aliens_4","SyBnIUhTm",9,12,410,883
"1548","aliens_4","SJAXOLhpQ",1,9,182,1389
"1549","aliens_4","H1xjt-3Tm",20,20,687,687
"1550","aliens_4","SyBZ8zhaQ",11,15,461,1331
"1551","aliens_4","H1ZRV736Q",9,9,135,135
"1552","aliens_4","BJqzDLnpm",40,40,848,848
"1553","aliens_4","BJkZv8np7",14,14,250,250
"1554","aliens_4","HJTg8bnpX",3,4,226,716
"1555","aliens_4","H13vY-26X",14,14,147,147
"1556","aliens_4","rySFvI2TX",21,21,472,472
"1557","aliens_4","rkLdG_26Q",17,17,388,388
"1558","aliens_4","rJvrvI3pQ",7,7,77,77
"1559","aliens_4","r1roj826Q",11,11,165,165
"1560","aliens_4","H10wPIhaX",22,22,939,939
"1561","aliens_4","Hk6dcw3aQ",14,14,143,143
"1562","chase_1","rk0Wvv3aX",6,6,640,640
"1563","chase_1","S13fwUnpX",5,5,481,481
"1564","chase_1","r1YCA82pm",2,7,351,1070
"1565","chase_1","rk2y4wn6m",5,5,417,417
"1566","chase_1","Hy53ILhaX",8,8,711,711
"1567","chase_1","SyBnIUhTm",4,4,547,924
"1568","chase_1","SJAXOLhpQ",2,4,437,705
"1569","chase_1","H1xjt-3Tm",6,6,764,764
"1570","chase_1","SyBZ8zhaQ",6,6,857,857
"1571","chase_1","H1ZRV736Q",5,5,565,565
"1572","chase_1","BJkZv8np7",6,6,651,651
"1573","chase_1","HJTg8bnpX",6,6,706,706
"1574","chase_1","H13vY-26X",1,1,329,329
"1575","chase_1","rySFvI2TX",6,6,910,910
"1576","chase_1","rkLdG_26Q",1,6,295,1047
"1577","chase_1","rJvrvI3pQ",5,5,732,805
"1578","chase_1","r1roj826Q",2,2,433,433
"1579","chase_1","H10wPIhaX",7,7,660,660
"1580","chase_1","Hk6dcw3aQ",2,2,488,488
"1581","missilecommand_4","rk0Wvv3aX",3,6,81,204
"1582","missilecommand_4","S13fwUnpX",3,3,600,600
"1583","missilecommand_4","r1YCA82pm",2,7,58,300
"1584","missilecommand_4","rk2y4wn6m",2,14,136,656
"1585","missilecommand_4","Hy53ILhaX",5,5,530,530
"1586","missilecommand_4","SyBnIUhTm",2,2,282,282
"1587","missilecommand_4","SJAXOLhpQ",3,13,143,512
"1588","missilecommand_4","Bkcb-Ph6X",4,8,82,134
"1589","missilecommand_4","H1xjt-3Tm",3,15,180,778
"1590","missilecommand_4","SyBZ8zhaQ",2,14,176,739
"1591","missilecommand_4","H1ZRV736Q",8,8,314,314
"1592","missilecommand_4","BJkZv8np7",2,13,212,398
"1593","missilecommand_4","HJTg8bnpX",1,5,89,329
"1594","missilecommand_4","H13vY-26X",14,14,251,251
"1595","missilecommand_4","rySFvI2TX",2,13,305,737
"1596","missilecommand_4","rkLdG_26Q",2,14,178,668
"1597","missilecommand_4","rJvrvI3pQ",1,13,39,413
"1598","missilecommand_4","r1roj826Q",8,8,126,126
"1599","missilecommand_4","H10wPIhaX",3,23,74,542
"1600","missilecommand_4","Hk6dcw3aQ",13,13,369,369
"1601","lemmings","rk0Wvv3aX",16,16,440,440
"1602","lemmings","BJXnI8ha7",2,2,84,84
"1603","lemmings","S13fwUnpX",4,4,383,383
"1604","lemmings","r1YCA82pm",2,3,261,428
"1605","lemmings","rk2y4wn6m",9,10,724,942
"1606","lemmings","Hy53ILhaX",10,10,516,516
"1607","lemmings","SyBnIUhTm",5,5,550,550
"1608","lemmings","SJAXOLhpQ",4,4,617,617
"1609","lemmings","rJmT0I2pQ",1,1,64,64
"1610","lemmings","H1xjt-3Tm",8,8,855,855
"1611","lemmings","SyBZ8zhaQ",8,9,707,1287
"1612","lemmings","H1ZRV736Q",2,2,401,401
"1613","lemmings","BJkZv8np7",3,3,387,387
"1614","lemmings","HJTg8bnpX",3,3,1114,1114
"1615","lemmings","H13vY-26X",0,0,97,97
"1616","lemmings","rySFvI2TX",12,12,437,890
"1617","lemmings","rkLdG_26Q",4,4,414,414
"1618","lemmings","rJvrvI3pQ",3,3,354,621
"1619","lemmings","r1roj826Q",2,2,388,388
"1620","lemmings","H10wPIhaX",8,8,405,405
"1621","lemmings","Hk6dcw3aQ",3,3,340,340
"1622","preconditions_1","rk0Wvv3aX",0,2,23,247
"1623","preconditions_1","S13fwUnpX",0,8,17,198
"1624","preconditions_1","r1YCA82pm",0,2,25,233
"1625","preconditions_1","rk2y4wn6m",0,2,15,300
"1626","preconditions_1","Hy53ILhaX",0,2,24,146
"1627","preconditions_1","SyBnIUhTm",0,2,21,158
"1628","preconditions_1","SJAXOLhpQ",0,2,17,168
"1629","preconditions_1","H1xjt-3Tm",0,6,33,303
"1630","preconditions_1","SyBZ8zhaQ",0,3,14,358
"1631","preconditions_1","H1ZRV736Q",0,0,21,46
"1632","preconditions_1","BJkZv8np7",0,7,15,290
"1633","preconditions_1","HJTg8bnpX",0,4,26,222
"1634","preconditions_1","H13vY-26X",0,0,29,111
"1635","preconditions_1","rySFvI2TX",0,5,24,281
"1636","preconditions_1","rkLdG_26Q",0,3,16,374
"1637","preconditions_1","rJvrvI3pQ",0,1,26,244
"1638","preconditions_1","r1roj826Q",0,1,23,136
"1639","preconditions_1","H10wPIhaX",0,6,16,213
"1640","preconditions_1","Hk6dcw3aQ",0,3,26,297
"1641","ee_1","rk0Wvv3aX",2,5,84,449
"1642","ee_1","S13fwUnpX",0,4,83,554
"1643","ee_1","r1YCA82pm",1,1,78,363
"1644","ee_1","rk2y4wn6m",1,12,106,614
"1645","ee_1","Hy53ILhaX",1,2,92,327
"1646","ee_1","SyBnIUhTm",2,4,101,474
"1647","ee_1","SJAXOLhpQ",1,3,44,410
"1648","ee_1","H1xT0Uh6X",0,1,41,254
"1649","ee_1","H1xjt-3Tm",0,2,38,340
"1650","ee_1","SyBZ8zhaQ",0,1,77,537
"1651","ee_1","H1ZRV736Q",0,4,94,536
"1652","ee_1","BJkZv8np7",1,11,75,733
"1653","ee_1","HJTg8bnpX",0,2,37,394
"1654","ee_1","H13vY-26X",2,2,39,39
"1655","ee_1","rySFvI2TX",1,5,56,329
"1656","ee_1","rkLdG_26Q",0,1,30,385
"1657","ee_1","rJvrvI3pQ",0,14,34,508
"1658","ee_1","r1roj826Q",1,1,1,1
"1659","ee_1","H10wPIhaX",0,1,52,376
"1660","ee_1","Hk6dcw3aQ",1,8,68,713
"1661","lemmings_2","rJx4psh6m",7,9,483,657
"1662","lemmings_2","HJC8Wi3pQ",1,3,202,680
"1663","lemmings_2","Hy_2293aX",1,1,42,42
"1664","lemmings_2","Sy98h9nTm",1,5,200,981
"1665","lemmings_2","HJW-ha5n6Q",2,2,111,111
"1666","lemmings_2","rJiDsi26Q",4,9,269,509
"1667","lemmings_2","HyXPDhn6m",2,3,373,609
"1668","lemmings_2","BkwZTchTX",3,3,92,92
"1669","lemmings_2","BJf5unha7",1,1,244,244
"1670","lemmings_2","H1Pi7iham",2,4,218,520
"1671","lemmings_2","SJ4ion3p7",2,5,479,1491
"1672","lemmings_2","HyWlks3pm",6,7,432,660
"1673","lemmings_2","B1K-7in6m",0,2,144,545
"1674","lemmings_2","SJVPZh2a7",3,3,314,314
"1675","lemmings_2","HJ1rxsh67",10,10,980,980
"1676","lemmings_2","B1W2Tc2aQ",2,2,207,709
"1677","lemmings_2","B1-XE32pQ",6,6,428,428
"1678","lemmings_2","HkYvpi3aQ",3,3,209,209
"1679","lemmings_2","rJ-tZi36X",1,6,103,276
"1680","lemmings_2","ryfqp5hpQ",7,7,946,946
"1681","lemmings_2","BJoZa53pQ",3,3,655,655
"1682","relational_1","rJx4psh6m",0,0,1,350
"1683","relational_1","HJC8Wi3pQ",0,0,39,293
"1684","relational_1","Sy98h9nTm",0,0,3,406
"1685","relational_1","HJW-ha5n6Q",0,0,69,766
"1686","relational_1","BJkU3cnTm",0,0,118,635
"1687","relational_1","rJiDsi26Q",0,2,64,611
"1688","relational_1","HyXPDhn6m",0,0,55,357
"1689","relational_1","BkwZTchTX",0,0,0,129
"1690","relational_1","BJf5unha7",0,0,36,400
"1691","relational_1","H1Pi7iham",0,0,122,471
"1692","relational_1","SJ4ion3p7",0,0,113,513
"1693","relational_1","HyWlks3pm",0,0,91,297
"1694","relational_1","B1K-7in6m",0,0,109,383
"1695","relational_1","SJVPZh2a7",0,0,83,313
"1696","relational_1","HJ1rxsh67",0,0,46,552
"1697","relational_1","B1W2Tc2aQ",0,0,27,221
"1698","relational_1","SJXSnch6m",0,0,207,315
"1699","relational_1","B1-XE32pQ",0,1,152,722
"1700","relational_1","HkYvpi3aQ",0,0,204,204
"1701","relational_1","rJ-tZi36X",0,0,4,299
"1702","relational_1","ryfqp5hpQ",0,0,52,542
"1703","relational_1","BJoZa53pQ",0,0,232,657
"1704","missilecommand_3","rJx4psh6m",3,4,36,134
"1705","missilecommand_3","HJC8Wi3pQ",2,11,35,244
"1706","missilecommand_3","Sy98h9nTm",1,8,61,246
"1707","missilecommand_3","HJW-ha5n6Q",5,24,89,309
"1708","missilecommand_3","BJkU3cnTm",9,9,108,108
"1709","missilecommand_3","rJiDsi26Q",3,20,84,424
"1710","missilecommand_3","HyXPDhn6m",5,14,256,536
"1711","missilecommand_3","BkwZTchTX",3,3,17,17
"1712","missilecommand_3","BJf5unha7",16,16,118,118
"1713","missilecommand_3","HJBzTqh67",5,5,101,101
"1714","missilecommand_3","H1Pi7iham",11,23,149,403
"1715","missilecommand_3","SJ4ion3p7",7,27,156,417
"1716","missilecommand_3","HyWlks3pm",3,25,78,431
"1717","missilecommand_3","B1K-7in6m",9,17,208,331
"1718","missilecommand_3","SJVPZh2a7",19,20,124,127
"1719","missilecommand_3","HJ1rxsh67",2,15,92,384
"1720","missilecommand_3","B1W2Tc2aQ",0,9,22,253
"1721","missilecommand_3","B1-XE32pQ",15,15,214,214
"1722","missilecommand_3","H1LSij3aX",5,5,44,44
"1723","missilecommand_3","HkYvpi3aQ",2,5,47,91
"1724","missilecommand_3","rJ-tZi36X",19,19,212,212
"1725","missilecommand_3","ryfqp5hpQ",4,27,121,593
"1726","missilecommand_3","BJoZa53pQ",1,31,74,347
"1727","plaqueattack_2","rJx4psh6m",5,8,305,534
"1728","plaqueattack_2","HJC8Wi3pQ",13,13,444,444
"1729","plaqueattack_2","Sy98h9nTm",2,10,152,1009
"1730","plaqueattack_2","HJW-ha5n6Q",8,13,528,1057
"1731","plaqueattack_2","rJiDsi26Q",6,12,304,661
"1732","plaqueattack_2","HyXPDhn6m",1,3,190,790
"1733","plaqueattack_2","BkwZTchTX",1,2,153,234
"1734","plaqueattack_2","ByLNnqha7",4,4,60,60
"1735","plaqueattack_2","BJf5unha7",2,2,37,37
"1736","plaqueattack_2","H1Pi7iham",3,4,159,659
"1737","plaqueattack_2","SJ4ion3p7",2,10,93,867
"1738","plaqueattack_2","HyWlks3pm",1,5,149,916
"1739","plaqueattack_2","B1K-7in6m",5,8,148,512
"1740","plaqueattack_2","SJVPZh2a7",11,11,126,126
"1741","plaqueattack_2","HJ1rxsh67",5,14,335,1086
"1742","plaqueattack_2","B1W2Tc2aQ",0,3,98,617
"1743","plaqueattack_2","B1-XE32pQ",12,12,175,175
"1744","plaqueattack_2","HkYvpi3aQ",5,5,191,191
"1745","plaqueattack_2","rJ-tZi36X",1,1,21,21
"1746","plaqueattack_2","ryfqp5hpQ",1,1,17,17
"1747","plaqueattack_2","BJoZa53pQ",2,9,141,583
"1748","bees_and_birds_1","rJx4psh6m",1,10,55,293
"1749","bees_and_birds_1","HJC8Wi3pQ",1,4,40,238
"1750","bees_and_birds_1","Sy98h9nTm",0,5,21,280
"1751","bees_and_birds_1","HJW-ha5n6Q",2,20,71,302
"1752","bees_and_birds_1","BJkU3cnTm",1,9,21,270
"1753","bees_and_birds_1","rJiDsi26Q",0,8,22,186
"1754","bees_and_birds_1","HyXPDhn6m",0,2,24,65
"1755","bees_and_birds_1","BkwZTchTX",4,6,66,195
"1756","bees_and_birds_1","BJf5unha7",2,8,72,184
"1757","bees_and_birds_1","H1Pi7iham",0,8,28,248
"1758","bees_and_birds_1","SJ4ion3p7",2,10,37,443
"1759","bees_and_birds_1","HyWlks3pm",0,7,37,299
"1760","bees_and_birds_1","B1K-7in6m",0,3,18,155
"1761","bees_and_birds_1","SJVPZh2a7",5,17,101,164
"1762","bees_and_birds_1","HJ1rxsh67",4,29,59,326
"1763","bees_and_birds_1","B1W2Tc2aQ",0,5,24,134
"1764","bees_and_birds_1","SJXSnch6m",2,4,68,126
"1765","bees_and_birds_1","B1-XE32pQ",0,10,44,222
"1766","bees_and_birds_1","HkYvpi3aQ",1,8,37,151
"1767","bees_and_birds_1","rJ-tZi36X",2,13,31,131
"1768","bees_and_birds_1","ryfqp5hpQ",2,11,52,231
"1769","bees_and_birds_1","BJoZa53pQ",0,19,25,291
"1770","avoidgeorge_4","rJx4psh6m",7,18,220,1034
"1771","avoidgeorge_4","HJC8Wi3pQ",5,11,158,1095
"1772","avoidgeorge_4","Sy98h9nTm",2,15,92,819
"1773","avoidgeorge_4","HJW-ha5n6Q",8,30,450,2128
"1774","avoidgeorge_4","rJiDsi26Q",13,13,303,303
"1775","avoidgeorge_4","HyXPDhn6m",4,9,168,706
"1776","avoidgeorge_4","BkwZTchTX",10,11,326,360
"1777","avoidgeorge_4","BJf5unha7",10,10,504,504
"1778","avoidgeorge_4","H1Pi7iham",6,13,265,741
"1779","avoidgeorge_4","BJOBw32Tm",1,1,14,14
"1780","avoidgeorge_4","SJ4ion3p7",4,13,322,858
"1781","avoidgeorge_4","HyWlks3pm",9,13,536,746
"1782","avoidgeorge_4","B1K-7in6m",7,11,438,657
"1783","avoidgeorge_4","SJVPZh2a7",11,11,268,268
"1784","avoidgeorge_4","HJ1rxsh67",11,11,418,418
"1785","avoidgeorge_4","B1W2Tc2aQ",4,17,107,859
"1786","avoidgeorge_4","B1-XE32pQ",11,11,467,467
"1787","avoidgeorge_4","HkYvpi3aQ",4,4,62,62
"1788","avoidgeorge_4","rJ-tZi36X",12,12,502,502
"1789","avoidgeorge_4","ryfqp5hpQ",8,20,299,1679
"1790","avoidgeorge_4","BJoZa53pQ",3,19,155,688
"1791","portals_1","rkk7503TX",5,5,309,309
"1792","portals_1","SkwpS1a67",3,7,100,440
"1793","portals_1","rJ9lZAnaX",4,7,135,184
"1794","portals_1","SJEBulapX",10,10,444,444
"1795","portals_1","Ski6bAhTm",1,22,63,874
"1796","portals_1","ry4hg0ham",5,6,341,380
"1797","portals_1","ryqW9-TT7",0,0,25,25
"1798","portals_1","Sk9eTyppm",5,10,262,410
"1799","portals_1","H1ise026Q",3,9,85,309
"1800","portals_1","H16ViA2pQ",2,2,187,187
"1801","portals_1","BkrUEAn6m",6,12,362,635
"1802","portals_1","BJbz_R2pQ",1,28,45,434
"1803","portals_1","Sybve1pam",6,6,295,295
"1804","portals_1","rJz7bR3pm",6,15,213,375
"1805","portals_1","B1fKAJa6X",3,8,136,382
"1806","portals_1","HypmClpa7",1,11,73,218
"1807","portals_1","Bki6oC2aQ",5,5,546,546
"1808","portals_1","SkdE1k6p7",7,7,290,290
"1809","portals_1","HyCf-02T7",2,17,88,511
"1810","portals_1","rylrAG6aX",9,9,342,342
"1811","portals_1","HkFHm1TpQ",1,5,69,434
"1812","plaqueattack_3","rkk7503TX",9,9,183,183
"1813","plaqueattack_3","SkwpS1a67",6,15,324,669
"1814","plaqueattack_3","rJ9lZAnaX",13,13,140,140
"1815","plaqueattack_3","SJEBulapX",17,17,399,399
"1816","plaqueattack_3","Ski6bAhTm",16,25,862,1703
"1817","plaqueattack_3","ry4hg0ham",4,5,536,563
"1818","plaqueattack_3","ryqW9-TT7",5,5,30,30
"1819","plaqueattack_3","Sk9eTyppm",2,15,72,365
"1820","plaqueattack_3","H1ise026Q",5,12,189,364
"1821","plaqueattack_3","BkrUEAn6m",2,16,82,379
"1822","plaqueattack_3","BJbz_R2pQ",3,18,50,292
"1823","plaqueattack_3","Sybve1pam",12,14,419,489
"1824","plaqueattack_3","rJz7bR3pm",5,17,192,542
"1825","plaqueattack_3","B1fKAJa6X",1,16,60,598
"1826","plaqueattack_3","HypmClpa7",13,13,471,471
"1827","plaqueattack_3","Bki6oC2aQ",10,24,104,446
"1828","plaqueattack_3","SkdE1k6p7",5,11,92,134
"1829","plaqueattack_3","ByGksA2a7",4,4,65,65
"1830","plaqueattack_3","HyCf-02T7",3,11,441,1208
"1831","plaqueattack_3","rylrAG6aX",4,7,372,1642
"1832","plaqueattack_3","HkFHm1TpQ",2,19,292,2079
"1833","butterflies_2","rkk7503TX",4,4,256,829
"1834","butterflies_2","SkwpS1a67",1,2,272,738
"1835","butterflies_2","rJ9lZAnaX",3,5,243,844
"1836","butterflies_2","SJEBulapX",6,6,767,767
"1837","butterflies_2","Ski6bAhTm",11,11,677,1013
"1838","butterflies_2","ry4hg0ham",4,4,553,1069
"1839","butterflies_2","ryqW9-TT7",2,2,254,650
"1840","butterflies_2","Sk9eTyppm",1,1,169,586
"1841","butterflies_2","H1ise026Q",2,2,264,796
"1842","butterflies_2","BkrUEAn6m",2,2,230,610
"1843","butterflies_2","BJbz_R2pQ",1,1,96,573
"1844","butterflies_2","Sybve1pam",4,4,248,600
"1845","butterflies_2","rJz7bR3pm",3,3,347,705
"1846","butterflies_2","B1fKAJa6X",3,6,366,1396
"1847","butterflies_2","HypmClpa7",2,2,201,623
"1848","butterflies_2","Bki6oC2aQ",2,3,249,879
"1849","butterflies_2","SkdE1k6p7",5,5,351,786
"1850","butterflies_2","HyCf-02T7",1,1,175,559
"1851","butterflies_2","rylrAG6aX",2,2,347,1037
"1852","butterflies_2","HkFHm1TpQ",1,1,169,645
"1853","helper_2","rkk7503TX",0,1,19,509
"1854","helper_2","SkwpS1a67",0,0,21,437
"1855","helper_2","rJ9lZAnaX",0,0,7,635
"1856","helper_2","SJEBulapX",0,0,12,222
"1857","helper_2","Ski6bAhTm",0,0,13,955
"1858","helper_2","ry4hg0ham",0,1,19,448
"1859","helper_2","ryqW9-TT7",0,0,9,908
"1860","helper_2","Sk9eTyppm",0,0,20,783
"1861","helper_2","H1ise026Q",0,0,4,635
"1862","helper_2","H16ViA2pQ",0,0,5,254
"1863","helper_2","BkrUEAn6m",0,0,17,425
"1864","helper_2","BJbz_R2pQ",0,0,11,372
"1865","helper_2","Sybve1pam",0,0,7,339
"1866","helper_2","rJz7bR3pm",0,0,22,445
"1867","helper_2","B1fKAJa6X",0,0,28,344
"1868","helper_2","HypmClpa7",0,0,10,539
"1869","helper_2","Bki6oC2aQ",0,3,18,967
"1870","helper_2","SkdE1k6p7",0,1,19,860
"1871","helper_2","HyCf-02T7",0,0,17,584
"1872","helper_2","rylrAG6aX",0,0,8,477
"1873","helper_2","HkFHm1TpQ",0,0,22,327
"1874","survivezombies","rkk7503TX",0,11,66,570
"1875","survivezombies","SkwpS1a67",1,5,277,850
"1876","survivezombies","rJ9lZAnaX",0,6,66,393
"1877","survivezombies","SJEBulapX",8,8,505,505
"1878","survivezombies","Ski6bAhTm",1,43,145,1338
"1879","survivezombies","ry4hg0ham",2,6,231,503
"1880","survivezombies","ryqW9-TT7",0,11,33,320
"1881","survivezombies","Sk9eTyppm",2,14,208,851
"1882","survivezombies","H1ise026Q",1,4,75,362
"1883","survivezombies","BkrUEAn6m",3,33,238,1269
"1884","survivezombies","BJbz_R2pQ",0,15,64,652
"1885","survivezombies","Sybve1pam",0,5,56,324
"1886","survivezombies","rJvMmJa6m",1,1,0,0
"1887","survivezombies","rJz7bR3pm",0,8,83,707
"1888","survivezombies","B1fKAJa6X",2,12,214,1180
"1889","survivezombies","HypmClpa7",1,11,163,813
"1890","survivezombies","Bki6oC2aQ",3,7,95,261
"1891","survivezombies","SkdE1k6p7",2,8,113,305
"1892","survivezombies","HyCf-02T7",2,10,145,924
"1893","survivezombies","rylrAG6aX",5,12,374,864
"1894","survivezombies","HkFHm1TpQ",3,14,326,1363
"1895","surprise_1","rkk7503TX",0,1,119,678
"1896","surprise_1","SkwpS1a67",0,0,28,1170
"1897","surprise_1","rJ9lZAnaX",0,0,60,307
"1898","surprise_1","SJEBulapX",0,0,123,497
"1899","surprise_1","Ski6bAhTm",0,0,24,569
"1900","surprise_1","ry4hg0ham",0,1,79,865
"1901","surprise_1","ryqW9-TT7",0,0,27,206
"1902","surprise_1","Sk9eTyppm",0,0,217,739
"1903","surprise_1","H1ise026Q",0,0,14,307
"1904","surprise_1","BkrUEAn6m",0,0,30,517
"1905","surprise_1","BJbz_R2pQ",0,0,55,336
"1906","surprise_1","Sybve1pam",0,0,21,209
"1907","surprise_1","rJz7bR3pm",0,0,39,721
"1908","surprise_1","B1fKAJa6X",0,1,34,625
"1909","surprise_1","HypmClpa7",0,0,57,575
"1910","surprise_1","Bki6oC2aQ",0,0,36,889
"1911","surprise_1","SkdE1k6p7",0,0,88,600
"1912","surprise_1","HyCf-02T7",0,1,20,886
"1913","surprise_1","rylrAG6aX",0,0,23,389
"1914","surprise_1","HkFHm1TpQ",0,0,21,440
